11,,,,,,,,
Public,,,,,,,,
Private,,,,,,,,
Unverified ,,,,,,,,
,,,,,,,,
ULT_DUNS_NBR,ULT_SUPPLIER_NM,Revenue,SG&A,EBIT,SG&A %,Profit %,SG&A & P,OEM(s)
201516002,MAGNA INTERNATIONAL INC,41790000000,-2170000000,"1,790,000,000",-5.19%,4.28%,-0.91%,"General Motors, Ford, Stellantis, Tesla, Honda, Toyota"
175592476,LEAR CORP,"23,259,100","707,600","725,900",3.04%,3.12%,6.16%,"General Motors, Ford, BMW, Volkswagen"
688279996,LG CHEM LTD,"47,232,772,000","4,124,963,000","782,854,000",8.73%,1.66%,10.39%,"General Motors, Toyota, Tesla"
44766678,AMERICAN AXLE & MANUFACTURING,,,,,,0.00%,"General Motors, Ford, Stellantis"
325919421,ZEPPELIN STIFTUNG,,,,,,0.00%,
275124311,FAURECIA,"3,900,000,000","-645,280,000","530,000,000",-16.55%,13.59%,-2.96%,"Volkswagen, BMW, Ford, General Motors, Stellantis, Renault"
43898092,DPH HOLDINGS CORP,,,,,,0.00%,"General Motors, Ford, Stellantis, Volkswagen, Hyundai"
318280815,ROBERT BOSCH STIFTUNG GMBH,,,,,,0.00%,
11298072,FLEX-N-GATE LLC,,,,,,0.00%,
864421750,NEXTEER AUTOMOTIVE GROUP LTD,"4,420,000,000","-177,850,000","170,000,000",-4.02%,3.85%,-0.18%,"General Motors, Ford, Stellantis, BMW, Volkswagen, Renault, BYD"
147964571,CLEVELAND CLIFFS INC,"18,610,000,000","-543,000,000","-1,410,000,000",-2.92%,-7.58%,-10.49%,"General Motors, Ford, Stellantis, Toyota, Scout Motors"
275242212,VALEO,"21,040,000,000","-1,007,000,000","570,000,000",-4.79%,2.71%,-2.08%,"Volkswagen, BMW, Mercedes, Renault, Volvo, General Motors, Tesla, Hyundai, Honda, Stellantis, Toyota, Ford, Kia, Nissan, BYD"
209831544,LINAMAR CORP,"10,090,000,000","-572,620,000","550,000,000",-5.68%,5.45%,-0.22%,"General Motors, Ford, Stellantis, Volkswagen, Tesla"
139469787,BORGWARNER INC,"14,320,000,000","-1,315,000,000","560,000,000",-9.18%,3.91%,-5.27%,"General Motors, Ford, Toyota, Stellantis, Volkswagen, Mercedes, Renault, BMW, BYD, Audi, Nissan, Hyundai, Kia"
252027883,MARTINREA INTERNATIONAL INC,"4,790,000,000","-322,390,000","80,000,000",-6.73%,1.67%,-5.06%,"General Motors, Ford, Stellantis, BMW, Volkswagen, Audi, Toyota, Nissan"
281213280,BURELLE,"12,295,300,000.00",,503040000,,4.09%,4.09%,"Volkswagen, Audi, BMW, Mercedes, Stellantis, Renault, Volvo, General Motors, Tesla, Toyota, Honda, Ford, Nissan, Hyundai"
690597851,DENSO CORPORATION,47127870000,-4150990000,3102900000,-8.81%,6.58%,-2.22%,"Toyota, Honda, Nissan, Subaru, Mazda, General Motors, Ford, Stellantis"
812278687,ALFA SAB DE CV,9515620000,,719320000,,7.56%,7.56%,"General Motors, Ford, Stellantis, BMW, Mercedes, Audi, Volkswagen, Toyota, Honda, Nissan, Kia"
118509953,APOLLO GLOBAL MANAGEMENT INC,27468000000,-2891000000,8075000000,-10.52%,29.40%,18.87%,
315674267,CONTINENTAL AKTIENGESELLSCHAFT,"29,254,880,000.00","3,677,680,000.00","1,856,620,000.00",12.57%,6.35%,18.92%,"Volkswagen, Mercedes, BMW, Tesla, Stellantis, General Motors, Ford, Honda"
343056307,VITESCO TECHNOLOGIES GROUP AG,"10,024,400,000.00",-503210000,251210000,-5.02%,2.51%,-2.51%,"Volkswagen, Hyundai, Renault, Ford, General Motors, Toyota, Honda"
221150144,MELROSE INDUSTRIES PLC,4664130000,,675390000,,14.48%,14.48%,
985655816,ADIENT PUBLIC LTD CO,"14,684,000,000",-527000000,435000000,-3.59%,2.96%,-0.63%,"Ford, General Motors, Stellantis, Volkswagen, BMW, Mercedes, Renault, Toyota, Honda, Nissan"
281938431,COMPAGNIE GENERALE DES ETABLISSEMEN,"25,992,000,000,000","4,395,000,000,000","2,612,000,000,000",16.91%,10.05%,26.96%,"Volkswagen, Mercedes, BMW, Tesla, Stellantis, Renault, General Motors, Hyundai"
687751727,SL CORP,910380000,-89830000,149590000,-9.87%,16.43%,6.56%,"Hyundai, General Motors, Kia"
1213214,EXXON MOBIL CORP,324924000000,-10717000000,358708000000,-3.30%,110.40%,107.10%,General Motors
690547641,ALPS ALPINE CO LTD,6513530000,,675390000,,10.37%,10.37%,"General Motors, Stellantis, Ford, Volkswagen, Mercedes, BMW, Renault, Toyota, Honda, Nissan"
313234143,INA HOLDING SCHAEFFLER GMBH & CO KG,,,,,,0.00%,
316491141,MAHLE STIFTUNG GESELLSCHAFT MIT,,,,,,0.00%,
811393222,RASSINI SAB DE CV,1145790000,,122910000,,10.73%,10.73%,"General Motors, Ford, Stellantis, Volkswagen, Toyota, Honda, Nissan"
4467924,"GOODYEAR TIRE & RUBBER CO, THE",18280000000,-2719000000,652000000,-14.87%,3.57%,-11.31%,"General Motors, Ford, Stellantis, Volkswagen, Audi, BMW, Mercedes, Honda, Nissan, Hyundai, Renault, Tesla"
691759401,MARUBENI-ITOCHU STEEL INC,52464709527,-5670040242,1642054201,-10.81%,3.13%,-7.68%,"Mitsubishi, Nissan, Other"
555897164,ICAHN ENTERPRISES LP,9476000000,-831000000,25000000,-8.77%,0.26%,-8.51%,N/A
689515228,HAHN & CO AUTO HOLDINGS CO LTD,,,,,,0.00%,
183727804,VISTEON CORP,3759000000,-203000000,341000000,-5.40%,9.07%,3.67%,"General Motors, Ford, Stellantis, Hyundai, Kia, Nissan, BMW, Renault, Volkswagen, Other"
690541503,HITACHI LTD,64913127547,-12164063540,6960319577,-18.74%,10.72%,-8.02%,"General Motors, Other, Nissan, Ford, Volkswagen, Toyota, Suzuki, Mazda"
76854327,AUTOLIV INC,10815000000,-571000000,1090000000,-5.28%,10.08%,4.80%,"Hyundai, Honda, Toyota, Stellantis, Volkswagen, Mercedes, Renault, Nissan, Mitsubishi, General Motors, Ford, BMW, Tesla"
29990699,UNITED STATES STEEL CORP,,,,,,0.00%,
361293918,COOPER STANDARD HOLDINGS INC,2740920000,-214370000,106850000,-7.82%,3.90%,-3.92%,"General Motors, Ford, Stellantis, Volkswagen, Mercedes, Renault"
811784925,GRUPO CARSO SAB DE CV,11166713684,-1322644730,1037636903,-11.84%,9.29%,-2.55%,
50809177,SUPERIOR INDUSTRIES INTERNATIONAL,,,,,,0.00%,
688250455,HL MANDO CORPORATION,"5,461,036,393,000",,"474,429,980,250.00",,8.69%,8.69%,"General Motors, Hyundai, Kia, Ford, Nissan, Chrysler, Other, BMW, Renault, Volkswagen"
421342800,NINGBO JOYSON ELECTRONIC CORP,"60,573,340,873.00","2,336,929,230.00","3,173,151,492.00",3.86%,5.24%,9.10%,"Volkswagen, BMW, Mercedes, General Motors, Tesla, Audi, Toyota, Ford, Honda, Other"
544702061,WANXIANG GROUP CORPORATION,,,,,,0.00%,
1338979,TEXTRON INC,14799000000,1173000000,1001000000,7.93%,6.76%,14.69%,Other
690535646,JTEKT CORP,"12,251,910,000","1,413,640,000","251,790,000",11.54%,2.06%,13.59%,"Toyota, General Motors"
275137164,TOTALENERGIES SE,"182,344,000,000",,"25,631,000,000",0.00%,0.00%,0.00%,"Nissan, Kia, Mazda"
690673546,NIPPON SEIKI CO LTD,"206,844,000,000","233,110,000","73,570,000",0.11%,0.04%,0.15%,"General Motors, Honda, Nissan, Mazda, Subaru, BMW"
4312401,WORTHINGTON INDUSTRIES INC,"1,253,567,000","275,745,000","144,474,000",22.00%,11.53%,33.52%,"General Motors, Stellantis"
690536123,RYOBI LTD,1953640000,,"111,667,387",,5.72%,5.72%,"Volkswagen, Toyota"
690578091,INOUE RUBBER CO LTD,,,,,,0.00%,
690809090,F-TECH INC,1919360000,,63050000,,3.28%,3.28%,"Honda, Nissan, General Motors"
690661756,FCC CO LTD,1651630000,-195580000,112660000,-11.84%,6.82%,-5.02%,"Honda, Toyota, Ford, General Motors"
5092135,METHODE ELECTRONICS INC,984400000,-150700000,-21800000,-15.31%,-2.21%,-17.52%,General Motors
879168029,STRATTEC SECURITY CORPORATION,586028000,66666000,36529000,11.38%,6.23%,17.61%,"Stellantis, General Motors, Ford"
875648826,JOHNSON ELECTRIC HOLDINGS LIMITED,3626920000,-607510000,241490000,-16.75%,6.66%,-10.09%,"Ford, Volkswagen, General Motors"
3446796,NUCOR CORP,"31,882,590,000",-1124870000,2517960000,-3.53%,7.90%,4.37%,"General Motors, Mercedes"
65855363,GENTEX CORP,2431500000,158660000,462660000,6.53%,19.03%,25.55%,"Volkswagen, Mercedes, BMW, Toyota"
400020397,ARCELORMITTAL,61352000000,2499000000,3898000000,4.07%,6.35%,10.43%,"General Motors, Ford, Stellantis"
985419987,EATON CORPORATION PUBLIC LTD CO,26633000000,-4305000000,5048000000,-16.16%,18.95%,2.79%,General Motors
653821835,SHANGHAI AUTOMOTIVE INDUSTRY CORP G,,,,,,0.00%,"General Motors, Volkswagen"
5146428,ILLINOIS TOOL WORKS INC,"16,044,000,000","2,779,000,000","4,258,000,000",17.32%,26.54%,43.86%,"General Motors, Toyota, Ford, Volkswagen, BMW, Tesla"
556879252,GENTHERM INC,"1,468,728,000","160,556,000","75,865,000",10.93%,5.17%,16.10%,"Ford, General Motors, Toyota, Stellantis, Tesla"
809105351,DANA INC,"9,957,000,000","487,000,000","376,000,000",4.89%,3.78%,8.67%,"Ford, Stellantis, Toyota"
690555925,NIPPON SHEET GLASS CO LTD,"838,717,000,000","153,101,000,000","21,814,000,000",18.25%,2.60%,20.86%,"Toyota, Honda, Volkswagen, Nissan, General Motors"
690535588,AISIN CORP,"5,015,663,000,000","371,967,000,000","278,931,000,000",7.42%,5.56%,12.98%,"Toyota, Volkswagen, BMW, Stellantis"
81174775,GARRETT MOTION INC,"3,537,000,000","237,000,000","501,000,000",6.70%,14.16%,20.87%,"Ford, Volkswagen, BMW, Mercedes, Toyota"
223144058,SENSATA TECHNOLOGIES HOLDING PLC,"3,694,307,000","368,046,000","234,149,000",9.96%,6.34%,16.30%,"Tesla, General Motors, Ford, Volkswagen, Volvo"
687741991,POSCO HOLDINGS INC,"69,095,000,000,000",,"1,827,000,000,000",,2.64%,2.64%,"Hyundai, Kia, General Motors, Ford, Tesla"
79236657,TIMKENSTEEL CORPORATION,"1,131,500,000","92,100,000",-300000,8.14%,-0.03%,8.11%,"General Motors, Ford, Stellantis"
687735407,HANKOOK & COMPANY CO LTD,"1,414,556,850,070","53,248,230,000","354,112,033,800",3.76%,25.03%,28.80%,"Tesla, BMW, Hyundai, Kia"
315342345,ELRINGKLINGER AG,"1,678,943,000","261,471,000","-99,351,000",15.57%,-5.92%,9.66%,"Volkswagen, Mercedes, BMW, Tesla"
689285091,SUNGWOO HITECH CO LTD,"4,432,428,351,070","117,355,086,000","316,787,380,690.00",2.65%,7.15%,9.79%,"Kia, Hyundai, Volkswagen, General Motors"
864393322,MINTH GROUP LTD,"24,343,678,000","2,729,150,000","3,513,675,000",11.21%,14.43%,25.64%,"Tesla, General Motors, Toyota, Mercedes, Volkswagen"
316255108,FREUDENBERG CO KOMMANDITGESELLSC,,,,,,0.00%,
688001481,DN AUTOMOTIVE CORPORATION,,,,,,0.00%,
690635255,NIDEC CORP,15130271385,1406755624,1275555985,9.30%,8.43%,17.73%,"Toyota, Honda, Stellantis, General Motors, Ford"
353945744,AB SKF,10977245837,1411490434,1149629715,12.86%,10.47%,23.33%,"Volkswagen, BMW, Ford, General Motors"
313224928,MANN + HUMMEL INTERNATIONAL GMBH,,,,,,0.00%,
738162205,NEXANS,7631733500,722545000,542501000,9.47%,7.11%,16.58%,"Stellantis, Volkswagen, BMW, Mercedes"
690569256,NITERRA CO LTD,3733301102,368723007,414491072,9.88%,11.10%,20.98%,"Toyota, Honda, Volkswagen, Ford, General Motors"
654532019,FUYAO GLASS INDUSTRY GROUP CO LTD,4800723851,654361202,839667029,13.63%,17.49%,31.12%,"Volkswagen, General Motors, Ford, Toyota, Tesla, Subaru"
49746014,PARK-OHIO HOLDINGS CORP,1665000000,105000000,73000000,6.31%,4.38%,10.69%,"General Motors, Ford, Stellantis"
690579347,KOITO MANUFACTURING CO LTD,6125797718,326680848,360961774,5.33%,5.89%,11.23%,"Toyota, Honda, Subaru"
78423447,PHILLIPS 66,147399000000,9386000000,7950000000,6.37%,5.39%,11.76%,
595240953,FLEX LTD,26415000000,992000000,873000000,3.76%,3.30%,7.06%,"Tesla, General Motors, Ford"
687735738,DAE-WON KANG UP CO LTD,29034483,2068966,1379310,7.13%,4.75%,11.88%,"Hyundai, Kia, General Motors"
690542048,ISUZU MOTORS LIMITED,21889737639,1824276413,1869399858,8.33%,8.54%,16.87%,
471743500,CIE AUTOMOTIVE SA,4887247000,289018000,615940000,5.91%,12.60%,18.52%,"Volkswagen, Stellantis, Ford, BMW, General Motors"
529097904,ZHEJIANG ZHOUSHAN DAIMAY INVESTMENT,,,,,,0.00%,
436854350,PIRELLI & CO SPA,7910091000,926279000,1170286000,11.71%,14.79%,26.50%,"BMW, Mercedes, Audi"
220607205,TI FLUID SYSTEMS PLC,4246432500,258221000,316261500,6.08%,7.45%,13.53%,"Volkswagen, Stellantis, Ford, BMW, General Motors"
201122988,CAPITAL REGIONAL ET COOPERATIF DESJ,,,,,,0.00%,
690554894,EXEDY CORPORATION,2081280217,150841230,117320957,7.25%,5.64%,12.88%,"Toyota, Honda, Nissan, Subaru"
260817951,FINANCIERE SEVERT,,,,,,0.00%,
315192739,AEQUITA SE & CO KGAA,,,,,,0.00%,
690570072,NIPPON STEEL CORPORATION,57183832914,2230387417,5020950171,3.90%,8.78%,12.68%,"Toyota, Honda, Nissan, General Motors"
898699483,IOCHPE MAXION SA,2804214559,197701149,159578544,7.05%,5.69%,12.74%,"Volkswagen, Stellantis, General Motors, Ford, Toyota"
466915501,ACEK DESARROLLO Y GESTION INDUSTRIA,,,,,,0.00%,
315447854,J&J MARQUARDT KG,,,,,,0.00%,
688317614,KWANG JIN MACHINE CO LTD,,,,,,0.00%,
491031507,STICHTING ADMINISTRATIEKANTOOR GERA,,,,,,0.00%,
690544341,TOPY INDUSTRIES LTD,"19,033,216,000,012","242,790,400","52,761,600",0.00%,0.00%,0.00%,"General Motors, Toyota, Ford, Honda, Nissan, Stellantis"
353957822,SSAB AB,"10,633,512,750","703,191,038","671,473,950",6.61%,6.31%,12.93%,Volvo
53668729,JSJ CORP,,,,,,0.00%,
116725527,DAYCO LLC,,,,,,0.00%,
423792808,SHELL PLC,"266,886,000,000","12,607,000,000","30,713,000,000",4.72%,11.51%,16.23%,"Volkswagon, Hyundai, Stellantis"
527651909,NINGBO JIFENG AUTO PARTS CO LTD,"3,109,172,188","270,122,040","80,075,418",8.69%,2.58%,11.26%,"BMW, Audi, Volkswagon, General Motors, Tesla, Ford"
147743983,HUSCO INTERNATIONAL INC,,,,,,0.00%,
177220647,AMPHENOL CORP,"23,094,700,000","1,900,100,000","6,048,400,000",8.23%,26.19%,34.42%,"General Motors, Audi, BMW, Nissan"
688298116,LG ELECTRONICS INC,"61,720,261,996","12,705,942,598","1,714,864,955",20.59%,2.78%,23.36%,"General Motors, Toyota, Hyundai, Mercedes, Renault"
690555214,TSUBAKIMOTO CHAIN CO,"1,819,545,186","386,178,437","140,183,908",21.22%,7.70%,28.93%,"Toyota, Ford, General Motors, Nissan, Honda"
966151354,ANGSTROM AUTOMOTIVE GROUP LLC,,,,,,0.00%,
534306066,MK AUTOMOTIVE INDUSTRIES LTD,,,,,,0.00%,
5375217,MELLING TOOL CO,,,,,,0.00%,
400652919,STABILUS SA,"1,487,931,519","237,604,585","123,073,270",15.97%,8.27%,24.24%,"Volkswagen, BMW, Ford, Tesla, General Motors"
78889261,JASON HOLDINGS INC,,,,,,0.00%,
966106817,UNIFRAX HOLDING CO,,,,,,0.00%,
7140064,LEGGETT & PLATT INC,"4,055,100,000","488,300,000","239,600,000",12.04%,5.91%,17.95%,"General Motors, Toyota, Ford"
80341654,"GENESEE GROUP INC, THE",,,,,,0.00%,
544091510,PRYSMIAN SPA,"22,994,527,590","2,556,258,210","1,854,378,360",11.12%,8.06%,19.18%,"Ford, Toyota, Stellantis, General Motors, Volkswagen, Hyundai, Kia"
530708205,YAPP AUTOMOTIVE SYSTEMS CO LTD,,,,,,0.00%,
342192765,CHRISTA UND HERMANN LAUR-STIFTUNG,,,,,,0.00%,
275133692,COMPAGNIE DE SAINT-GOBAIN,"55,394,245,170","9,256,556,610","6,185,979,720",16.71%,11.17%,27.88%,"Volkswagen, BMW, Mercedes, Ford, Toyota, General Motors"
4160511,STEERE ENTERPRISES INC,,,,,,0.00%,
253602692,IFASTGROUPE 2004 LP,,,,,,0.00%,
969132880,ALLISON TRANSMISSION HOLDINGS INC,"3,069,000,000","310,000,000","988,000,000",10.10%,32.19%,42.29%,Volvo
690552633,MITSUBISHI STEEL MFG CO LTD,"1,009,517,718","104,978,228","29,133,733",10.40%,2.89%,13.28%,"Ford, Stellantis, Volkswagen, BMW, General Motors, Tesla"
201648052,EXCO TECHNOLOGIES LTD,"454,282,263","37,340,512","29,200,658",8.22%,6.43%,14.65%,"Toyota, Honda, Nissan"
302978150,PIERER KONZERNGELLSCHAFT MBH,,,,,,0.00%,
687755488,HYUNDAI MOBIS CO LTD,"41,813,576,960","2,381,868,127","2,361,815,472",5.70%,5.65%,11.34%,"Hyundai, Kia"
485203835,TE CONNECTIVITY LTD,"18,095,000,000","1,979,000,000","3,606,000,000",10.94%,19.93%,30.86%,"General Motors, BMW, Ford, Toyota, Tesla, Volkswagen"
667307193,LUXSHARE LTD,"45,237,201,337","1,430,468,870","1,851,270,872",3.16%,4.09%,7.25%,"Tesla, General Motors, Volvo, Mercedes, BMW, Honda"
243908980,RODFAM HOLDINGS LTD,,,,,,0.00%,
812757799,NYX MEXICO PLASTICS S DE RL DE CV,,,,,,0.00%,
794738273,DEBOTECH INC,,,,,,0.00%,
926078874,MORRIS HOLDING CO LLC,,,,,,0.00%,
2134864,MCGARD LLC,,,,,,0.00%,
420720559,ANHUI ZHONGDING SEALING PARTS CO LT,"2,737,639,807","218,849,747","302,690,677",7.99%,11.06%,19.05%,"Volkswagen, General Motors, BMW, Ford, Volvo, Renault, Nissan, Mercedes"
7132145,QUALITY ENGINEERING,,,,,,0.00%,
654137264,ZHENGZHOU COAL MINING MACHINERY GRP,"532,433,620","63,483,942","-15,706,766",11.92%,-2.95%,8.97%,"Volkswagen, Mercedes, Nissan, General Motors, Ford, Stellantis"
461071664,CIKAUTXO S COOP,,,,,,0.00%,
43647130,HYSPAN PRECISION PRODUCTS INC,,,,,,0.00%,
690559182,TOYODA GOSEI CO LTD,"7,120,258,488","631,146,993","421,235,706",8.86%,5.92%,14.78%,"Toyota, Honda, Nissan, Ford, General Motors"
606280873,STONERIDGE INC,"874,357,000","119,877,000","-6,538,000",13.71%,-0.75%,12.96%,"Ford, General Motors, Stellantis, Toyota"
1315266,STANDARD MOTOR PRODUCTS INC,"1,749,420,000","369,235,000","169,545,000",21.11%,9.69%,30.80%,"Ford, General Motors, Volvo"
99733271,MIDWEST ACOUST-A-FIBER INC,,,,,,0.00%,
211006279,COSWORTH GROUP HOLDINGS LTD,,,,,,0.00%,
4299418,MID-WEST FABRICATING CO,,,,,,0.00%,
690569751,T RAD CO LTD,"1,054,834,707","62,874,661","80,916,281",5.96%,7.67%,13.63%,"Toyota, Honda, General Motors"
754931889,MIDWAY LTD,,,,,,0.00%,
201781890,ACCURCAST CORP,,,,,,0.00%,
695687668,ILJIN GLOBAL CO LTD,"51,338,800","3,139,318","2,939,320",6.11%,5.73%,11.84%,"Hyundai, General Motors, Ford, Kia, Mercedes"
340502442,THYSSENKRUPP AG,"37,974,648,960","4,891,925,610","-222,950,070",12.88%,-0.59%,12.29%,"Mercedes, BMW, Audi, Tesla"
79668583,HOLLINGSWORTH LOGISTICS GROUP LLC,,,,,,0.00%,
806758178,CRESTVIEW PARTNERS LP,,,,,,0.00%,
2103174,KEYSTONE POWDERED METAL CO,,,,,,0.00%,
127389448,PERFORMANCE ASSEMBLY SOLUTIONS LLC,,,,,,0.00%,
687769307,DY CORPORATION,"836,372,155","47,984,583","33,389,244",5.74%,3.99%,9.73%,"General Motors, Hyundai, Kia"
4175550,PARKER-HANNIFIN CORPORATION,"20,461,000,000","3,217,000,000","4,441,000,000",15.72%,21.70%,37.43%,"General Motors, Ford, Volkswagen, Hyundai, Stellantis"
5317193,CADILLAC PRODUCTS INC,,,,,,0.00%,
600342612,KIBBUTZ EIN HASHOFET,,,,,,0.00%,
255031544,KSR INTERNATIONAL CO,,,,,,0.00%,
80435161,SHIPSTON GROUP US INC,,,,,,0.00%,
315424275,KAMAX HOLDING GMBH & CO KG,,,,,,0.00%,
690535927,AKEBONO BRAKE INDUSTRY CO LTD,"1,026,000,000","80,700,000","29,405,123",7.87%,2.87%,10.73%,"Toyota, Honda, Nissan, Subaru, Mazda, General Motors, Stellantis, Ford, BMW, Audi, Volkswagen"
342656928,BEHR HELLA THERMOCONTROL GMBH,,,,,,0.00%,
687998617,HWASEUNG CORP CO LTD,"1,229,173,236.80","127,761,992","67,071,980.00",10.39%,5.46%,15.85%,"Hyundai, Kia, General Motors, Ford, Stellantis, BMW, Volkswagen, Mercedes, Toyota"
209826890,MARKDOM PLASTIC PRODUCTS LTD,,,,,,0.00%,
21093638,BOPP-BUSCH MANUFACTURING CO INC,,,,,,0.00%,
8255754,BOURNS INC,,,,,,0.00%,
690553888,AGC INC,"13,228,824,289","2,419,967,700","775,923,773",18.29%,5.87%,24.16%,"BMW, Volkswagen, Mercedes, General Motors, Tesla, Toyota"
247865264,AIRBOSS OF AMERICA CORP,"396,700,000","55,290,000","7,790,000",13.94%,1.96%,15.90%,"General Motors, Ford, Stellantis, Honda"
79817102,PRECISION INTERNATIONAL AUTOMOTIVE,,,,,,0.00%,
824634737,J N B MACHINING CO INC,,,,,,0.00%,
315016295,VOLKSWAGEN AG,"343,978,530,000","37,590,705,000","15,895,685,000",10.93%,4.62%,15.55%,"Volkswagen, Audi"
460014468,SIULED SL,,,,,,0.00%,
117470079,RAVEN ACQUISITION LLC,,,,,,0.00%,
68200625,JMX INC,,,,,,0.00%,
842103694,GEMINI GROUP INC,,,,,,0.00%,
186547410,"WINGATE PARTNERS, L P",,,,,,0.00%,
564722275,FORTE HOLDINGS SPA,,,,,,0.00%,
687782458,TAEYANG METAL INDUSTRIAL CO LTD,"456,462,755.56","49,853,370.37","9,223,377.78",10.92%,2.02%,12.94%,"Hyundai, Kia, General Motors, Ford, Stellantis, Mazda"
329761634,EBERSPACHER GRUPPE GMBH & CO KG,,,,,,0.00%,
832460484,VAPOR ACQUISITION CORP,,,,,,0.00%,"General Motors, Ford, Stellantis, Volkswagen, Toyota, Mercedes, BMW, Hyundai"
118854852,ANGSTROM 2022 NOVEMBER HOLDINGS LLC,,,,,,0.00%,
787068209,MAYCO INTERNATIONAL LLC,,,,,,0.00%,
1024314,BERKSHIRE HATHAWAY INC,"400,548,000,000","37,763,000,000","87,239,000,000",8.80%,21.78%,30.58%,"Toyota, Ford, General Motors, Honda, Hyundai, Mercedes"
383351012,ELECTRICFIL,,,,,,0.00%,
5334412,TOMPKINS PRODUCTS INC,,,,,,0.00%,
315762786,WOCO GMBH & CO KG,,,,,,0.00%,
874232465,MIDWAY PRODUCTS GROUP INC,,,,,,0.00%,
484451778,ARTEMIS HOLDING AG,,,,,,0.00%,
420859670,NINGBO HUAXIANG ELECTRONIC CO LTD,"3,780,707,586.21","177,150,344.83","318,466,206.90",1.73%,3.54%,5.27%,"Volkswagen, BMW, Mercedes, Volvo, General Motors, Ford, Tesla, Toyota, Nissan"
664766919,HASCO INTERNATIONAL LIMITED,,,,,,0.00%,
687784926,HYUNDAI WIA CORP,"5,997,965,926","149,670,370","143,508,889",0.63%,3.31%,3.94%,"Hyundai, Kia, General Motors, Renault, Nissan, Volkswagen, Mitsubishi"
836207647,EAGLE INDUSTRIES INC,,,,,,0.00%,
243694044,MLTH HOLDING INC,,,,,,0.00%,
316083968,POPPE-VERITAS HOLDING GMBH & CO KG,,,,,,0.00%,
79880145,JR HENDRICK III MOTOR SPORTS TRUST,,,,,,0.00%,
551161818,JOH WINKHOFER BETEILGUNGS GMBH & CO,,,,,,0.00%,
4469011,ARTIFLEX MANUFACTURING LLC,,,,,,0.00%,
315000554,BASF SE,"64,863,510,000","9,756,640,000","3,230,410,000",15.90%,3.01%,18.91%,"Mercedes, Volkswagen, Toyota, Tesla"
832842350,FILTRAN HOLDINGS LLC,,,,,,0.00%,
315894071,BRUSS SEALING SYSTEMS GMBH,,,,,,0.00%,
330100736,ORAFOL KLEBETECHNIK GMBH,,,,,,0.00%,
80062565,DEL WEST ENGINEERING INC,,,,,,0.00%,
434677272,ELETTRA 1938 SPA,,,,,,0.00%,
789510377,PARAGON METALS LLC,,,,,,0.00%,
313584078,HANS HERMANN VOSS STIFTUNG,,,,,,0.00%,
319987897,BOS GMBH & CO KG,,,,,,0.00%,
128894909,HOPE VALLEY INDUSTRIES LLC,,,,,,0.00%,
690591201,USUI CO LTD,,,,,,0.00%,
116917284,TRUCK HOLDINGS INC,,,,,,0.00%,
243298546,1000201400 ONTARIO CORP,,,,,,0.00%,
690535018,KOBE STEEL LTD,"16,586,146,667",,"957,220,000",,6.20%,6.20%,"Toyota, Nissan, Honda, Mazda, Subaru, General Motors, Ford, Tesla"
184813434,KOJAIAN MANAGEMENT CORP,,,,,,0.00%,
827742300,KONGSBERG HOLDING I INC,,,,,,0.00%,
65609430,MICHIGAN PRODUCTION MACHINING INC,,,,,,0.00%,
421294910,LIZHONG SITONG LIGHT ALLOYS GROUP,,,,,,0.00%,
6520134,BURKLAND INC,,,,,,0.00%,
687776302,DONG YANG PISTON CO LTD,,,,,,0.00%,
415096549,ORHAN NETHERLANDS COOPERATIEF UA,,,,,,0.00%,
48077101,ALBAR INDUSTRIES INC,,,,,,0.00%,
91956714,DELACO STEEL CORP,,,,,,0.00%,
603209722,"ELECTRO PRIME GROUP LLC, THE",,,,,,0.00%,
52859246,METAL POWDER PRODUCTS LLC,,,,,,0.00%,
690688445,YASUNAGA CORP,,,,,,0.00%,
317131779,ROECHLING SE & CO KG,,,,,,0.00%,
18655537,EXODUS DIRECT LLC,,,,,,0.00%,
690546460,MITSUBISHI CORP,,,,,,0.00%,
790441682,HARCO MANUFACTURING GROUP LLC,,,,,,0.00%,
316546092,HENGST SE & CO KG,,,,,,0.00%,
243569493,TRIPLE M METAL LP,,,,,,0.00%,
80769476,UNIQUE FABRICATING INC,,,,,,0.00%,
209008747,AUTOTUBE LTD,,,,,,0.00%,
315149856,A KAYSER GMBH & CO KG TEXTILE FILTE,,,,,,0.00%,
20837233,DAJACO INDUSTRIES INC,,,,,,0.00%,
431429915,AGRATI HOLDING SPA,,,,,,0.00%,
788107139,BURNSIDE ACQUISITION LLC,,,,,,0.00%,
44694040,VOXX INTERNATIONAL CORP,,,,,,0.00%,"Stellantis, Ford, General Motors, Nissan, Subaru, Audi, BMW"
44477123,MOTORCAR PARTS OF AMERICA INC,"770,636,000","86,235,000","47,570,000",11.19%,7.58%,18.77%,"General Motors, Ford, Toyota, Honda, Hyundai"
117024888,WATERMILL-QMC HOLDINGS CORP,,,,,,0.00%,
806256132,KKR & CO INC,"16,722,880,000","2,838,450,000","426,040,000",15.44%,52.95%,68.40%,"Nissan, Volkswagen"
5341664,ADVANCED ASSEMBLY PRODUCTS INC,,,,,,0.00%,
690543756,MITSUBISHI HEAVY INDUSTRIES LTD,"34,477,793,333","4,891,613,333","2,573,266,667",14.19%,7.85%,22.04%,"Mitsubishi, Nissan, Toyota, Honda, Volkswagen, BMW"
49593734,PRECISION RESOURCE INC,,,,,,0.00%,
5043310,RIMA MANUFACTURING COMPANY INC,,,,,,0.00%,
4240305,CONSOLIDATED METAL PRODUCTS INC,,,,,,0.00%,
913293718,GRUPO GERDAU DE EMPREENDIMENTOS LTD,,,,,,0.00%,
7775547,EXPORT CORP,,,,,,0.00%,
79176817,SAFE FLEET HOLDINGS LLC,,,,,,0.00%,
3354230,SONOCO PRODUCTS CO,"6,119,250,000","786,300,000","526,600,000",12.22%,6.22%,18.44%,"BMW, Mercedes, Ford"
784728730,TRANSNAV HOLDINGS INC,,,,,,0.00%,
104190335,BORLA PERFORMANCE INDUSTRIES INC,,,,,,0.00%,
831478438,COASTAL AUTOMOTIVE LLC,,,,,,0.00%,
680152301,BCJ-51 KK,,,,,,0.00%,
27929459,DAKKOTA INTEGRATED SYSTEMS LLC,,,,,,0.00%,
46736054,DIVERSIFIED PLASTICS CORP,,,,,,0.00%,
5537469,MODINEER CO INC,,,,,,0.00%,
759029119,CYCLAMEN SERVICES PTY LTD,,,,,,0.00%,
656041118,TYC BROTHER INDUSTRIAL CO LTD,"651,344,308","99,635,692","51,049,538",15.30%,4.29%,19.58%,"Ford, General Motors"
6092555,MODINE MANUFACTURING CO,"2,873,900,000","339,900,000","342,500,000",11.83%,11.92%,23.74%,"Stellantis, Ford, Tesla"
688330893,CHUNIL ENGINEERING CO LTD,,,,,,0.00%,
17093972,MILL STEEL CO THE,,,,,,0.00%,
5392550,YAREMA DIE & ENGINEERING CO,,,,,,0.00%,
421101915,SICHUAN BOHONG INDUSTRY CO LTD,,,,,,0.00%,
545237989,SHANGHAI STATE OWNED ASSETS SUPERVI,,,,,,0.00%,
690538913,NITTO DENKO CORP,"6,704,826,666.67","1,012,566,666.67","1,139,366,666.67",15.10%,16.99%,32.10%,"Toyota, Honda, Nissan, Tesla"
544634264,CITIC DICASTAL CO LTD PRODUCTION FA,,,,,,0.00%,
689089675,DAEHAN SOLUTION CO LTD,,,,,,0.00%,
5068515,CTS CORP,"531,480,000","96,110,000","81,030,000",18.08%,15.25%,33.33%,"General Motors, Ford, Toyota, Honda"
329640163,BLEISTAHL GMBH & CO HOLDING KG,,,,,,0.00%,
59001065,EASTERN INDUSTRIES INC,,,,,,0.00%,
249895848,MEVOTECH INC,,,,,,0.00%,
58963364,FAPCO INC,,,,,,0.00%,
689283781,JINHAP CO LTD,,,,,,0.00%,"Hyundai, Kia"
631064016,SK INNOVATION CO LTD,"59,549,681,762.96","2,554,630,162.96","200,888,918.52",4.29%,0.34%,4.63%,"Ford, Volkswagen, Hyundai, Kia, Mercedes"
133197629,EYPEX CORPORATION,,,,,,0.00%,
147197677,RCO ENGINEERING INC,,,,,,0.00%,
619522279,TMG PERFORMANCE PRODUCTS LLC,,,,,,0.00%,
6380257,MID-CONTINENT SPRING CO,,,,,,0.00%,
686609256,CITIC LIMITED,"130,144,166,666.67","26,921,666,666.67","20,682,777,778",20.69%,15.89%,36.58%,"Volkswagen, BMW, Ford, Tesla, General Motors, Nissan"
812817929,CENTRAL AUTOMOTIVE PARTS,,,,,,0.00%,
338585385,GGG SPA,,,,,,0.00%,
40276248,MATERIALS PROCESSING INC,,,,,,0.00%,
6995419,AVNET INC,"23,150,750,000","1,842,780,000","616,560,000",7.96%,2.66%,10.62%,Tesla
810535872,GRUPO INDUSTRIAL SALTILLO SA DE CV,"983,010,000","132,880,000","21,340,000",13.52%,2.17%,15.69%,"General Motors, Ford, Stellantis, Volkswagen, Nissan"
5245873,GDC INC,,,,,,0.00%,
260193297,A RAYMOND ET COMPAGNIE,,,,,,0.00%,
4154415,A J ROSE MFG CO,,,,,,0.00%,
688734918,HAHN & COMPANY 1 PRIVATE EQUITY FUN,,,,,,0.00%,
243591612,AQM AUTOMOTIVE CORP,,,,,,0.00%,
5392936,BEARING TECHNOLOGIES LLC,,,,,,0.00%,
362692113,BBB INDUSTRIES LLC,,,,,,0.00%,
5349444,WASHERS INC,,,,,,0.00%,
7913213,BERWIND CORP,,,,,,0.00%,
96962576,DESHLER GROUP INC,,,,,,0.00%,
690542212,NISSAN MOTOR CO LTD,"81,517,866,666.67","6,894,240,000.00","4,238,933,333.33",8.46%,5.20%,13.66%,Nissan
612286299,DONGNAM TECH USA CORP,,,,,,0.00%,
690691068,NICHIRIN CO LTD,62460000000,5800000000,6200000000,9.29%,9.93%,19.21%,"Honda, Toyota, Nissan"
329846877,OTTO KIRCHNER BETEILIGUNGEN SE,,,,,,0.00%,
690720222,AMINO CORP,,,,,,0.00%,
147061592,HARBOUR GROUP LTD,,,,,,0.00%,
690550637,STANLEY ELECTRIC CO LTD,453297000000,52800000000,41500000000,11.65%,9.16%,20.80%,"Honda, Toyota, Subaru"
47799267,GP STRATEGIES CORP,,,,,,0.00%,
7871643,LCI INDUSTRIES,3784808000,652762000,123428000,17.25%,3.26%,20.51%,"General Motors, Ford, Stellantis"
89965016,METRIC MANUFACTURING CO INC,,,,,,0.00%,
350685597,CTEK AB (PUBL),1844000000,416000000,250000000,22.56%,13.56%,36.12%,"BMW, Volkswagen"
81602054,MOON ROOF CORPORATION OF AMERICA,,,,,,0.00%,
690548839,IDEMITSU KOSAN CO LTD,8459500000000,318000000000,471000000000,3.76%,5.57%,9.33%,
23251429,BEACHLAWN INC,,,,,,0.00%,
78602866,CADRE HOLDINGS INC,543300000,56700000,73800000,10.44%,13.58%,24.02%,
248748576,MATSU MANUFACTURING INC,,,,,,0.00%,
690577879,NICHIAS CORP,280416000000,27200000000,40300000000,9.70%,14.37%,24.07%,"Toyota, Honda, Nissan"
75146159,OAK RIDGE INDUSTRIES INC,,,,,,0.00%,
689477750,SINJIN PLASTICS CO LTD,,,,,,0.00%,
898989728,TUPY S/A,10605000000,450000000,730000000,4.24%,6.88%,11.13%,"General Motors, Ford, Stellantis, Volkswagen"
51618056,CHARTER MANUFACTURING CO INC,,,,,,0.00%,
300243545,POLYTEC HOLDINGS AG,797000000,68000000,25000000,8.53%,3.14%,11.67%,"BMW, Volkswagen, Mercedes, Stellantis"
690599097,THK CO LTD,390505000000,65000000000,23400000000,16.65%,5.99%,22.64%,"Toyota, Honda, General Motors"
544771496,ZHEJIANG SANHUA INTELLIGENT CONTROL,26853000000,1900000000,3800000000,7.08%,14.15%,21.23%,"Toyota, Volkswagen, Tesla"
829948368,GLOBAL STEERING SYSTEMS LLC,,,,,,0.00%,
5346754,VICO PRODUCTS CO,,,,,,0.00%,
83430843,BLACK RIVER MANUFACTURING INC,,,,,,0.00%,
13797749,TURN KEY AUTOMOTIVE LLC,,,,,,0.00%,
650141922,HINDALCO INDUSTRIES LTD,2602270000000,255450000000,265930000000,9.82%,10.22%,20.04%,"Ford, General Motors, BMW"
460013923,ZANINI AUTO GRUP SA,,,,,,0.00%,
116588403,VELODYNE LIDAR INC,,,,,,0.00%,
480000538,SIKA AG,11201300000,3486200000,1523000000,31.12%,13.60%,44.72%,"Volkswagen, Stellantis, Toyota"
4535282,FLEX TECHNOLOGIES INC,,,,,,0.00%,
79730592,LUMEN NORTH AMERICA INC,,,,,,0.00%,
207705989,"BANK OF NOVA SCOTIA, THE",37097000000,,,,,0.00%,"Toyota, Ford"
80824067,IDEAL TRIDON HOLDINGS INC,,,,,,0.00%,
205593411,WIRCO PRODUCTS LTD,,,,,,0.00%,
784316531,DASHKING & COVERKING INC,,,,,,0.00%,
481811438,HANS OETIKER HOLDING AG,,,,,,0.00%,
188918163,TRACE DIE CAST INC,,,,,,0.00%,
56864259,UNITED CAPITAL CORP,,,,,,0.00%,
687735324,KUMHO INDUSTRIAL CO LTD,,,,,,0.00%,"Hyundai, Kia, Mercedes"
610835147,AMERICAN METAL TECHNOLOGIES LLC,,,,,,0.00%,
944953959,LIFELINE FIRST AID LLC,,,,,,0.00%,
461086563,BATZ S COOP,,,,,,0.00%,
5034780,METAL FORMING & COINING LLC,,,,,,0.00%,
21295514,SOLAR SPRING & WIRE FORMS,,,,,,0.00%,
315354878,SIGMUND SCHERDEL GMBH & CO KG,,,,,,0.00%,
78502043,FALCON LAKESIDE MANUFACTURING INC,,,,,,0.00%,
315012021,HUGO KERN UND LIEBERS GMBH & CO,,,,,,0.00%,
205316578,GROUPE TOUCHETTE INC,,,,,,0.00%,
171079481,WIRIC CORPORATION,,,,,,0.00%,
43492958,PUTCO INC,,,,,,0.00%,
825858470,MAT HOLDINGS INC,,,,,,0.00%,
421120888,FUXIN DARE AUTOMOTIVE PARTS CO LTD,,,,,,0.00%,
6133469,TRANSGLOBAL INC,,,,,,0.00%,
79472059,STEC USA INC,,,,,,0.00%,
22687246,MAYSER USA INC,,,,,,0.00%,
6553036,ALL STATE FASTENER CORP,,,,,,0.00%,
32313694,ERNIE GREEN INDUSTRIES INC,,,,,,0.00%,
690539689,THREE BOND CO LTD,,,,,,0.00%,
791307630,ASPEN TECHNOLOGIES INC,,,,,,0.00%,
803601454,SYNERGIES CASTINGS USA INC,,,,,,0.00%,
656063617,LIO HO MACHINE WORKS LTD,,,,,,0.00%,
791805633,NEW CENTER STAMPING INC,,,,,,0.00%,
518896162,KONGSBERG AUTOMOTIVE ASA,740500000,,800000,,0.11%,0.11%,"Ford, Nissan"
506707343,NORMA GROUP SE,8985500000,5215200000,54900000,58.04%,0.61%,58.65%,N/A
691680946,PRESSCO CO LTD,,,,,,0.00%,
439381112,INDUSTRIE SALERI ITALO SPA,,,,,,0.00%,
50686633,NFA CORP,,,,,,0.00%,
969557263,EQUISTAR CHEMICALS LP,,,,,,0.00%,
5364377,AUTO METAL CRAFT INC,,,,,,0.00%,
87709226,RAMCO SPECIALTIES INC,,,,,,0.00%,
64384746,"WALLBANK, PJ SPRINGS INC",,,,,,0.00%,
80275653,NEW DALTON FOUNDRY LLC,,,,,,0.00%,
391191053,COMPAGNIE INDUSTRIELLE DE DELLE,,,,,,0.00%,
5498423,PROGRESSIVE METAL FORMING INC,,,,,,0.00%,
117980058,FIREFISH TOPCO LLC,,,,,,0.00%,
372052093,PCS3 R-G SARL,,,,,,0.00%,
690559943,TAIHO KOGYO CO LTD,116650000000,7900000000,2243000000,6.77%,1.92%,8.70%,"Toyota, Honda, Nissan, Mitsubishi, General Motors, Ford"
25155824,RIDGE CORPORATION,,,,,,0.00%,
687953992,LS CORP,,,,,,0.00%,"Kia, Ford, Stellantis, Volkswagen, Hyundai, General Motors, Volvo"
72873664,ANGELL-DEMMELL NORTH AMERICA CORP,,,,,,0.00%,
933302499,GENSTAR CAPITAL LLC,,,,,,0.00%,
544957715,STATE-OWNED ASSETS SUPERVISION AND,,,,,,0.00%,
200427748,SAMUEL SON & CO LTD,,,,,,0.00%,
94982386,TRIMBLE INC,3600900000,1131900000,573800000,31.43%,15.93%,47.37%,N/A
78722817,BOOMERANG RUBBER INC,,,,,,0.00%,
690658596,MITSUBA CORP,345958000000,,20605000000,,5.96%,5.96%,"Honda, Nissan, Volkswagen, BMW"
662098148,JUENGPATTANA HOLDING COMPANY LTD,,,,,,0.00%,
6022289,AUTOMATIC SPRING PRODUCTS CORP,,,,,,0.00%,
5212246,LITTELFUSE INC,2386290000,381770000,357580000,16.00%,14.98%,30.98%,Tesla
951572785,SHANGHAI AUTOMOBILE AIR CONDITIONER,,,,,,0.00%,
687802777,INFAC CORPORATION,412004530,19992760,16970370,4.85%,4.12%,8.97%,"Hyundai, Kia, General Motors, Mazda"
5069901,NEW PRODUCTS CORP,,,,,,0.00%,
690558051,SANDEN CORPORATION,1231650330,191107200,23094050,15.52%,1.88%,17.39%,"Toyota, Hyundai, Audi, BMW, Mercedes, Ford, General Motors, Volkswagen, Nissan, Stellantis"
80506849,KRUGER BROWN HOLDINGS INC,,,,,,0.00%,
965507312,CORE MOLDING TECHNOLOGIES INC,261619000,34631000,12719000,13.24%,4.86%,18.10%,"Volvo, Ford, BMW, General Motors"
530750454,ZHEJIANG WANFENG AUTO WHEEL CO LTD,2360708970,45610550,197762580,1.93%,8.38%,10.31%,"Mercedes, BMW, Volkswagen, General Motors, Ford, Stellantis, Toyota, Hyundai, Nissan"
93715316,DORMAN PRODUCTS INC,2126159000,535304000,360702000,25.18%,16.96%,42.14%,"Ford, Stellantis, General Motors"
480658603,FINAPREST SA,,,,,,0.00%,
196527949,DC SAFETY SALES CO INC,,,,,,0.00%,
441787402,LIGHTHOUSE 11 SPA,,,,,,0.00%,
5323704,KELLOGG CRANKSHAFT CO,,,,,,0.00%,
4206397,"SHERWIN-WILLIAMS CO, THE",23574300000,7684800000,3803200000,32.60%,16.13%,48.73%,"Mercedes, General Motors, Ford, Toyota, Honda, BMW"
117230807,KIK CUSTOM PRODUCTS INC,,,,,,0.00%,
184861805,MOHR ENGINEERING INC,,,,,,0.00%,
117395095,AMERICAN LABELMARK CO,,,,,,0.00%,
98674047,NORTHERN INDUSTRIAL MFG CORP,,,,,,0.00%,
43280163,CARDONE INDUSTRIES INC,,,,,,0.00%,
690882766,PARKER CORP,449833870,82942410,37896440,18.44%,8.42%,26.86%,"General Motors, Ford, Stellantis"
915215511,VARROC ENGINEERING PRIVATE LTD,,,,,,0.00%,
615745168,LTI HOLDINGS INC,,,,,,0.00%,
5075122,CORLETT-TURNER CO,,,,,,0.00%,
218129829,ROKOKO AUTOMOTIVE HOLDINGS (JERSEY),,,,,,0.00%,
620697136,DURA OPERATING LLC,,,,,,0.00%,
831102736,EXTREME MACHINE INC,,,,,,0.00%,
9599671,COVERCRAFT INDUSTRIES LLC,,,,,,0.00%,
1165679,"EASTERN CO, THE",258120000,-43400000,11500000,-16.81%,4.46%,-12.36%,General Motors
91950469,ARGENT INTERNATIONAL INC,,,,,,0.00%,
4465100,"TIMKEN CO, THE",4581800000,-748300000,565900000,-16.33%,12.35%,-3.98%,General Motors
80877471,AUXO INVESTMENT PARTNERS LLC,,,,,,0.00%,
243330730,1147048 ONTARIO LIMITED,,,,,,0.00%,
85740343,AIR SQUARED MANUFACTURING INC,,,,,,0.00%,
6102438,TP REMAINCO LLC,,,,,,0.00%,
690579495,BANDO CHEMICAL INDUSTRIES LTD,752310000,164720000,22760000,21.90%,3.03%,24.92%,General Motors
176831766,LLINK TECHNOLOGIES INC,,,,,,0.00%,
690535695,KANEMATSU CORP,6748559810,757548030,287549620,11.23%,4.26%,15.49%,"Honda, General Motors"
527541895,SHANGHAI AEROSPACE AUTOMOBILE,,,,,,0.00%,
80386615,DUPONT DE NEMOURS INC,6849000000,-1019000000,860000000,-14.88%,12.56%,-2.32%,"General Motors, Mazda, Toyota, Honda, Nissan"
55823330,"NU-DI PRODUCTS CO, THE",,,,,,0.00%,
205510605,CCL INDUSTRIES INC,7600100000,-1130300000,1144800000,-14.87%,15.06%,0.19%,
529350186,AOTECAR NEW ENERGY TECH CO LTD,,,,,,0.00%,
690541545,NHK SPRING CO LTD,804398000000,,51023000000,,6.34%,6.34%,"Toyota, Honda, Nissan, Subaru, Mazda, General Motors, Ford, Stellantis, Volkswagen"
435891876,CONFEZIONI ANDREA ITALIA SRL,,,,,,0.00%,
5377056,"THORREZ, C INDUSTRIES INC",,,,,,0.00%,
690563036,UCHIYAMA MANUFACTURING CORP,29438620000,-412600000,532940000,-1.40%,1.81%,0.41%,"Toyota, Honda, Nissan, Mazda, Subaru, General Motors, Ford"
117124254,PISTON GROUP LLC,,,,,,0.00%,
65736522,BG PRODUCTS INCORPORATED,,,,,,0.00%,
7317399,TECHNICAL CHEMICAL CO,,,,,,0.00%,
788404598,EDS MANUFACTURING INC,,,,,,0.00%,
5100961,DRIV-LOK INC,,,,,,0.00%,
300209194,AMS AG,3323000000,-431000000,90000000,-12.97%,2.71%,-10.26%,Stellantis
812915907,MANUFACTURAS LA CRUZ SA DE CV,,,,,,0.00%,
5051081,SUPERIOR METAL PRODUCTS INC,,,,,,0.00%,
690549506,NIPPON PISTON RING CO LTD,,,,,,0.00%,"Toyota, Nissan, Honda, Subaru"
315781997,ADOLF WUERTH GMBH & CO KG,,,,,,0.00%,
492505068,HITCHED HOLDINGS COOPERATIEF UA,,,,,,0.00%,
6569172,DELTA CONTAINERS INC,,,,,,0.00%,
343175133,ICG GMBH & CO KG,,,,,,0.00%,
656137247,CHINA METAL PRODUCTS CO LTD,,,,,,0.00%,
433613812,FISPA SRL,,,,,,0.00%,
494451814,STICHTING ADMINISTRATIEKANTOOR AEGL,,,,,,0.00%,
353955008,ATLAS COPCO AB,168343000000,-30405000000,34114000000,-18.06%,20.26%,2.20%,"Toyota, Nissan, Honda, Subaru, Mazda, General Motors, Ford, Stellantis, Mercedes, BMW, Volkswagen, Audi, Renault"
60200342,CASCADE ENGINEERING INC,,,,,,0.00%,
966879215,SONUS ENGINEERED SOLUTIONS LLC,,,,,,0.00%,
480312516,RONAL AG,,,,,,0.00%,
8270621,WALKER PRODUCTS INC,,,,,,0.00%,
545284119,E-LAN CAR COMPONENT MANUFACTURE (PI,,,,,,0.00%,"Ford, General Motors, Toyota, Honda, Nissan, Mazda"
240585323,WOODBRIDGE FOAM CORP,,,,,,0.00%,
80405961,ADVANCED SEQUENCING & PRODUCTS LLC,,,,,,0.00%,
240006861,ARKAL PLASTIC NORTH AMERICA INC,,,,,,0.00%,
118862384,ANGSTROM FIBER AUBURN LLC,,,,,,0.00%,
961624249,ATERIAN INVESTMENT PARTNERS LP,,,,,,0.00%,
24597114,SPIROL INTERNATIONAL HOLDING CORP,,,,,,0.00%,
788386084,INSTRUMENT SALES AND SERVICE INC,,,,,,0.00%,
459386525,SPARCO SPA,,,,,,0.00%,
4913364,GOODWILL INDUSTRIES OF GRTR DETROIT,,,,,,0.00%,
690539358,HI-LEX CORP,304123000000,,3392000000,,1.12%,1.12%,"Ford, General Motors, Stellantis, Toyota, Honda, Mazda, Nissan, Audi"
483367074,SFS GROUP AG,3040100000,-1030800000,328700000,-33.91%,10.81%,-23.09%,Volkswagen
498150457,FRITZ DRAEXLMAIER HOLDING GMBH,,,,,,0.00%,
248276417,"ELGNER, ROGER HOLDINGS LTD",,,,,,0.00%,
232931605,EATON LP,,,,,,0.00%,
490215784,SYRINX COOPERATIE U.A.,,,,,,0.00%,
200145741,ULTRA CLEAR ENGINE FLUIDS INC,,,,,,0.00%,
114162782,CAMSHAFT MACHINE CO LLC,,,,,,0.00%,
5383922,EXOTIC RUBBER & PLASTICS CORP,,,,,,0.00%,
245601075,ALFA INTERNATIONAL ENTERPRISES LTD,,,,,,0.00%,
793115254,THREE DIMENSIONAL SERVICES INC,,,,,,0.00%,
626674332,INDUSTRIAL OPPORTUNITY PARNTERS LLC,,,,,,0.00%,
5126065,SMALLEY STEEL RING CO,,,,,,0.00%,
656275658,DEPO AUTO PARTS IND CO LTD,19676860000,-2036700000,3438560000,-10.35%,17.48%,7.12%,"Toyota, Honda, Nissan, Ford, General Motors, BMW, Volkswagen"
918617486,ANAND NVH PRODUCTS PVT LTD,,,,,,0.00%,
54585575,E&E MANUFACTURING CO INC,,,,,,0.00%,
5258959,MERCURY PRODUCTS CORP,,,,,,0.00%,
342955819,LENBACH EQUITY OPPORTUNITIES II GMB,,,,,,0.00%,
545261609,GSP AUTOMOTIVE GROUP WENZHOU CO LTD,,,,,,0.00%,
815557373,XIN POINT HOLDINGS LTD,399056894,63323650.68,69041665.68,15.87%,17.30%,33.17%,"General Motors, Mercedes, Volvo, BMW, Ford, Honda"
1162395,"LEE CO, THE",,,,,,0.00%,
52203171,P&R FASTENERS INC,,,,,,0.00%,
717684106,DIAMOND ELECTRIC HOLDINGS CO LTD,616073593.3,54957254.12,19848363.7,8.92%,3.22%,12.14%,"Ford, Subaru, Other, General Motors, Toyota, Honda, Stellantis, Hyundai, Mitsubishi"
50624055,ANDERSON COOK INC,,,,,,0.00%,
801446803,SA AUTOMOTIVE LTD LLC,,,,,,0.00%,
776631116,THULE GROUP AB,1152477503,345113361,184657197,29.95%,16.02%,45.97%,"Volvo, Audi, BMW"
691458483,MURO CORPORATION,148217462.4,20222617.64,7214067.17,13.64%,4.87%,18.51%,"Toyota, Honda, Nissan, Mazda, Other, Subaru"
687739466,HANWHA CORP,49591537102,3234053052,3375170302,6.52%,6.81%,13.33%,"Hyundai, BMW, Kia, Mercedes, Volkswagen, General Motors, Toyota, Ford"
37738192,UNIVERSAL TUBE INC,,,,,,0.00%,
64172927,WICO METAL PRODUCTS CO,,,,,,0.00%,
79823249,GISSING NORTH AMERICA LLC,,,,,,0.00%,
5509385,WHITLAM GROUP INC,,,,,,0.00%,
98814770,NORTH AMERICAN ASSEMBLY LLC,,,,,,0.00%,
958655482,CREATIVE LIQUID COATINGS INC,,,,,,0.00%,
809755726,DURAMARK TECHNOLOGIES INC,,,,,,0.00%,
87700621,NATL MINORITY SUPPLIER DEVELOPMENT,,,,,,0.00%,
20025944,OTIS INC LA,,,,,,0.00%,
556776941,TINICUM CAPITAL PARTNERS II LP,,,,,,0.00%,
5390778,OAKWOOD METAL FABRICATING CO,,,,,,0.00%,
554419626,JILIN DONGGONG HOLDINGS CO LTD,,,,,,0.00%,
690559257,DAIDO METAL CO LTD,905023439.4,144378133.3,54015166.63,15.95%,5.97%,21.92%,"Ford, General Motors, Other, Toyota, Honda, Nissan, Mazda, Subaru, Mitsubishi"
529710045,GUANGDONG SENSSUN WEIGHING APPARATU,,,,,,0.00%,
6570626,DELTA RESEARCH CORP,,,,,,0.00%,
106949627,INTERTECH HOLDINGS INC,,,,,,0.00%,
41810979,JABIL CIRCUIT CO,200761423.9,7478625.99,9872560.62,3.73%,4.92%,8.64%,"Ford, General Motors, Toyota, Honda, Hyundai"
845260798,TUBE WRIGHT INC,,,,,,0.00%,
47432877,PALOS VERDES BUILDING CORP,,,,,,0.00%,
12768192,TRANSCEDAR LTD,,,,,,0.00%,
833181279,VU ACQUISITIONS LLC,,,,,,0.00%,
603912895,WEST MICHIGAN MOLDING INC,,,,,,0.00%,
603198847,KATAYAMA AMERICAN CO INC,,,,,,0.00%,
79294494,VERITIV CORP,,,,,,0.00%,
656275401,MACAUTO INDUSTRIAL CO LTD,,,,,,0.00%,
102176260,HORIZON STEEL CO,,,,,,0.00%,
147632335,WISE INDUSTRIES INC,,,,,,0.00%,
5372040,ARMADA RUBBER MANUFACTURING CO,,,,,,0.00%,
848372038,COLONIAL PLASTICS INC,,,,,,0.00%,
690644448,UACJ CORP,7111237678,520709819.8,370221023.3,7.32%,5.21%,12.53%,"General Motors, Toyota, Tesla, Ford, Honda"
656382611,SUPERALLOY INDUSTRIAL CO LTD,,,,,,0.00%,
556385677,ADVANCED INTERIOR SOLUTIONS INC,,,,,,0.00%,
167226120,TESCA USA INC,,,,,,0.00%,
687995860,HANDS CORPORATION LTD,,,,,,0.00%,
687839399,DONG KWANG TECH CO LTD,,,,,,0.00%,
346387355,ESSENTRA PLC,,,,,,#VALUE!,
6003065,ACAL PRECISION PRODUCTS,,,,,,0.00%,
174475236,ES INVESTMENTS LLC,,,,,,0.00%,
650049299,BHARAT FORGE LTD,1778548901,227602412.3,211445122.6,12.80%,11.89%,24.69%,"Volkswagen, Mercedes, Volvo, General Motors, Stellantis"
690553649,SONY CORP,84983311544,14522607651,10605607925,17.09%,12.48%,29.57%,"Honda, Ford, Toyota, Volkswagen"
252892955,WESTPORT FUEL SYSTEMS INC,"290,323,000","43,520,000","-7,064,000",14.99%,-2.43%,12.56%,"General Motors, Ford, Volkswagen, Honda, Hyundai, Kia, Stellantis, Nissan, Mitsubishi, Other"
1210749,KASON INDUSTRIES INC,,,,,,0.00%,
655718732,BRUGOLA COMMERCIALE SPA,,,,,,0.00%,
19883003,JMA LOGISTICS LLC,,,,,,0.00%,
691239750,TOYOTA INDUSTRIES CORP,27289209401,4953154000,817725483.5,18.15%,3.00%,21.15%,"Toyota, Tesla, General Motors, Ford, Mercedes, Other"
790787295,AIRSEPT INC,,,,,,0.00%,
147930978,BRC RUBBER & PLASTICS INC,,,,,,0.00%,
243597635,1674571 ONTARIO INC,,,,,,0.00%,
317132652,FUCHS PETROLUB AG,,,,,,0.00%,0.00%
690911185,TOYOTA BOSHOKU CORP,12810197159,-249478740.2,295304141.1,-1.95%,2.31%,0.36%,"Toyota, Honda, Nissan, BMW, Subaru"
13274550,UNITED RADIO INC,,,,,,0.00%,
4223988,SEAWAY BOLT AND SPECIALS COMPANY,,,,,,0.00%,
243678062,WEGU MANUFACTURING INC,,,,,,0.00%,
117196496,TRIBAR TECHNOLOGIES INC,,,,,,0.00%,
65602807,MOLD MASTERS CO,,,,,,0.00%,
826193323,SUNNY AMERICA & GLOBAL AUTOTEC,,,,,,0.00%,
753451301,ARB CORP LTD,657516561,-158243756.7,92000704.25,-24.07%,13.99%,-10.07%,"Toyota, Ford, Other"
77496289,ADDEV MATERIALS CONVERTING INC,,,,,,0.00%,
21836754,PRODUCTION SPRING LLC,,,,,,0.00%,
240088963,PAPP PLASTICS & DISTRIBUTING LTD,,,,,,0.00%,
9807652,"TERNES, HOWARD PACKAGING CO",,,,,,0.00%,
91676379,POWERFLOW INC,,,,,,0.00%,
685742244,MECCA INTERNATIONAL HOLDING HK LTD,,,,,,0.00%,
690537287,MITSUBOSHI BELTING LTD,588933997.2,,58144011.05,,9.87%,9.87%,"Volkswagen, Stellantis, Toyota, Renault, Hyundai, Kia, Volvo, Other"
52412533,ENERSYS,3738280000,,474980000,,12.71%,12.71%,Other
154280655,J B POINDEXTER & CO INC,,,,,,0.00%,
26308515,BTD MANUFACTURING INC,,,,,,0.00%,
812918076,MODA PARA AUTOS S DE RL DE CV,,,,,,0.00%,
544791668,ZHUZHOU TIMES NEW MATERIAL TECHNOLO,"21,938,704,150","1,001,779,680","799,259,280",4.57%,3.64%,8.21%,Other
492504991,HITCHED HOLDINGS 1 BV,,,,,,0.00%,
153950139,RACEMARK INTERNATIONAL LLC,,,,,,0.00%,
690578364,AISAN INDUSTRY CO LTD,2163006436,,108709934.4,,5.03%,5.03%,"Toyota, Renault, Nissan, Volvo, Suzuki, Other"
65878019,WRIGHT PLASTIC PRODUCTS CO LLC,,,,,,0.00%,
690556345,SUMITOMO ELECTRIC INDUSTRIES LTD,31125032533,,4886046504,,15.70%,15.70%,"Toyota, Honda, Volkswagen, Other"
11004840,METALBUILT LLC,,,,,,0.00%,
690535638,ITOCHU CORP,95095841658,11219313442,4452029345,11.80%,4.68%,16.48%,"Mercedes, Suzuki, Other, Isuzu"
160931614,WEGMANN AUTOMOTIVE USA INC,,,,,,0.00%,
41669359,ACSCO PRODUCTS INC,,,,,,0.00%,
812535644,GIM GRUPO INDUSTRIAL MEXICANO,,,,,,0.00%,
609223474,COMPOSITE PRODUCTS INC,,,,,,0.00%,
690536685,MITSUI MINING & SMELTING CO LTD,,,,,,0.00%,
784440104,VPI ACQUISITION LLC,,,,,,0.00%,
118720207,ROTOR CLIP HOLDINGS LLC,,,,,,0.00%,
219264222,HELLERMANNTYTON GROUP PLC,,,,,,0.00%,
175037795,DBB ACQUISITION LLC,,,,,,0.00%,
314912370,GERT UND SUSANNA MAYER STIFTUNG,,,,,,0.00%,
5332770,MILTON MANUFACTURING INC,,,,,,0.00%,
690656772,PIOLAX INC,398108682.1,,12675485.09,,3.18%,3.18%,"Honda, Nissan, Subaru, Mazda, Mitsubishi, Suzuki, Isuzu, Mercedes, Hyundai, Other, Toyota, General Motors, Ford, BMW"
690679840,MUSASHI SEIMITSU INDUSTRY CO LTD,2217329018,,131994742.2,,5.95%,5.95%,"Toyota, Honda, Mitsubishi, Suzuki, General Motors, Ford, Volkswagen, BMW, Subaru, Other"
81176579,DAEHAN SOLUTION LATIN AMERICA LLC,,,,,,0.00%,
688328731,ASIA CO LTD,,,,,,0.00%,
690553763,FURUKAWA ELECTRIC CO LTD,"1,242,054,000","162,718,000","68,072,000",13.10%,5.48%,18.58%,"General Motors, Ford, Stellantis, BYD, Toyota, Honda, Nissan, Mazda, Subaru, Daihatsu, Isuzu, Suzuki"
70853177,STRATUS PLASTICS KY LLC,,,,,,0.00%,
133356027,POWERTRAIN CONTROL SOLUTIONS LLC,,,,,,0.00%,
44940093,JVIS - USA LLC,,,,,,0.00%,
43090109,MITCHELL RUBBER PRODUCTS LLC,,,,,,0.00%,
7910243,TOUCHPOINT INC,,,,,,0.00%,
690543517,TOSHIBA CORP,,,,,,0.00%,
514725436,PLASAN SAS LTD,,,,,,0.00%,
526994094,HUAXIANG GROUP STOCK CO LTD,,,,,,0.00%,
690832753,WAKO ELECTRONICS LTD,,,,,,0.00%,
46592424,K&N ENGINEERING INC,,,,,,0.00%,
690601307,NIFCO INC,"349,950,000,000","13,015,000,000","54,710,000,000",3.72%,15.63%,19.35%,"General Motors, Ford, Toyota, Stellantis, Tesla, Rivian, Volkswagen, Mercedes, Renault, Kia, Hyundai, BMW, Nissan, Honda, Suzuki, Subaru, Mazda"
53585626,CHAMPION PLASTICS INC,,,,,,0.00%,
71169130,MC MURRAY FABRICS INC,,,,,,0.00%,
690595228,ISHIKAWA GASKET CO LTD,,,,,,0.00%,
79359452,FEUER POWERTRAIN NORTH AMERICA INC,,,,,,0.00%,
82390378,DERBY FABRICATING SOLUTIONS LLC,,,,,,0.00%,
421265581,BEIJING E-TOWN INTNL INVESTMENT&DEV,,,,,,0.00%,
926087230,TECHNICAL FINISHING INC,,,,,,0.00%,
51761013,PETOSKEY PLASTICS INC,,,,,,0.00%,
544955722,SHENGWANG AUTO PARTS(KUNSHAN)CO LTD,,,,,,0.00%,
266873780,ARKEMA,"9,240,000,000","-922,000,000","320,000,000",-9.98%,3.46%,-6.52%,"Volkswagen, BMW, Stellantis"
467868592,ALUDEC SA,,,,,,0.00%,
88328356,CHRYSAN INDUSTRIES INC,,,,,,0.00%,
4334793,STANDARD HORSE NAIL CORP,,,,,,0.00%,
180132420,VAST PRODUCTION SERVICES INC,,,,,,0.00%,
28507650,SARSAM LLC,,,,,,0.00%,
830235243,NEW EAGLE LLC,,,,,,0.00%,
656111028,TUNG THIH ELECTRONIC CO LTD,,,,,,0.00%,
160099636,RSDC OF MICHIGAN LLC,,,,,,0.00%,
5499124,MILLER INDUSTRIAL PRODUCTS INC,,,,,,0.00%,
253664312,WAKEFIELD CANADA INC,,,,,,0.00%,
56041957,VICKERS ENGINEERING INC,,,,,,0.00%,
829755557,TMI EP LLC,,,,,,0.00%,
622209179,NORDIC GROUP OF COMPANIES LTD,,,,,,0.00%,
5246392,INDAK MANUFACTURING CORP,,,,,,0.00%,
829315568,NATIONAL MOLDING LLC,,,,,,0.00%,
475013715,CMP AUTOMOTIVE NERISA SOCIEDAD LTD,,,,,,0.00%,
812826742,TECMA OPERACIONES S DE RL DE CV,,,,,,0.00%,
812559185,WOHLERT DE MEXICO,,,,,,0.00%,
810406595,ASSOCIATED SPRING MEXICO SA DE CV,,,,,,0.00%,
20187800,HOLLINGSWORTH LOGISTICS,,,,,,0.00%,
951599064,MARKDOM INTERNACIONAL DE,,,,,,0.00%,
688204896,SOLUETA CO LTD,,,,,,0.00%,
47180823,SKYWAY PRECISION INC,,,,,,0.00%,
147353650,SPECIALTY AUTO PARTS USA INC,,,,,,0.00%,
690535059,NSK LTD,"811,270,000,000","-147,475,000,000","35,220,000,000",-18.18%,4.34%,-13.84%,"Toyota, Honda, Nissan, Suzuki, Mazda, Subaru, General Motors, Ford, Stellantis, Volkswagen, Mercedes, BMW, Renault"
5376413,WOLVERINE BRONZE CO,,,,,,0.00%,
245250613,KEN SPRAGG SALES & DESIGN INC,,,,,,0.00%,
690537790,TOYOTA TSUSHO CORP,"10,658,020,000,000","-647,529,000,000","578,570,000,000",-6.08%,5.43%,-0.65%,Toyota
650664634,TATA AUTOCOMP SYSTEMS LTD,,,,,,0.00%,
8356719,BUDDY BAR CASTING LLC,,,,,,0.00%,
185547361,"FIRST NEW ENGLAND COMPANY INC, THE",,,,,,0.00%,
965393726,DECORATIVE PAINT INC,,,,,,0.00%,
6010599,MESCO HOLDINGS INC,,,,,,0.00%,
67333336,AUTO-MATIC PRESS PRODUCTS INC,,,,,,0.00%,
79948362,ATD CORPORATION,,,,,,0.00%,
830048653,SELECT INTERNATIONAL CORP,,,,,,0.00%,
811003342,MANUFACTURAS DIVERSAS SA DE CV,,,,,,0.00%,
199944315,VECTORALL MANUFACTURING INC,,,,,,0.00%,
2330165,EAST PENN MANUFACTURING CO,,,,,,0.00%,
49122319,AZOTH LLC,,,,,,0.00%,
650086143,SUNDRAM FASTENERS LTD,"59,464,800",,"7,764,300",,13.06%,13.06%,"General Motors, Ford, Volkswagen, Renault, Volvo, Tesla, Honda, Kia, Hyundai"
690538723,TOKAI RIKA CO LTD,"628,510,000,000",,"47,910,000,000",,7.62%,7.62%,"Toyota, Suzuki, Nissan, General Motors, Ford, Subaru"
5036355,OTTAWA RUBBER CO,,,,,,0.00%,
16058658,MANAGED PROGRAMS LLC,,,,,,0.00%,
812905099,KIRIU MEXICANA SA DE CV,,,,,,0.00%,
5390604,D&N BENDING CORP,,,,,,0.00%,
340852585,KOSTAL INDUSTRIE GMBH & CO KG,,,,,,0.00%,
12168448,PROPHET EQUITY LP,,,,,,0.00%,
117688620,HOLLEY INC,"598,130,000","-137,590,000","30,070,000",-23.00%,5.03%,-17.98%,General Motors
120922310,S&V TECHNOLOGIES INC,,,,,,0.00%,
690555933,FOSTER ELECTRIC CO LTD,"137,650,000,000",,"7,990,000,000",,5.80%,5.80%,"Toyota, Honda, Nissan, Suzuki, Mazda, Subaru, General Motors, Ford, Volkswagen, BMW, Mercedes"
780316746,AIR INTERNATIONAL (US) HOLDINGS INC,,,,,,0.00%,
544792021,SHANGHAI BAOLONG AUTOMOTIVE CORP,"8,050,000,000","-587,130,000","470,000,000",-7.29%,5.84%,-1.46%,"General Motors, Ford, Chrysler, Volkswagen, Mercedes, BMW, Audi, Volvo, Toyota, Honda, Hyundai, Nissan"
65585366,SPECMO ENTERPRISES INC,,,,,,0.00%,
220037701,STIRLING SQUARE CAPITAL PARTNERS,,,,,,0.00%,
791202315,TAIHO MANUFACTURING OF TENNESSEE IN,,,,,,0.00%,
303284590,FLATLAKE PRIVATSTIFTUNG,,,,,,0.00%,
782869460,COLD AIR INDUCTIONS INC,,,,,,0.00%,
295291533,BONTAZ GROUPE,,,,,,0.00%,
80339557,MTM-OTSCON INC,,,,,,0.00%,
326446317,WILHELM BOELLHOFF GMBH & CO KG,,,,,,0.00%,
360653943,CALLIES PERFORMANCE PRODUCTS,,,,,,0.00%,
113048607,RAM AUTOMOTIVE COMPANY OF SOUTH CA,,,,,,0.00%,
70960976,MODEL ELECTRONICS INC,,,,,,0.00%,
690569579,AHRESTY CORP,"166,824,000",,"3,720,000",,2.23%,2.23%,"General Motors, Toyota, Honda, Nissan, Suzuki, Mazda, Subaru, Mitsubishi, Isuzu, Ford, Stellantis, BYD, Volkswagen, Kia, Hyundai"
141661772,MORRIS CAPITAL MANAGEMENT LLC,,,,,,0.00%,
147348346,GT TECHNOLOGIES INC,,,,,,0.00%,
102229465,INTERNATIONAL MAGNAPRODUCTS INC,,,,,,0.00%,
739992451,SAINT JEAN INDUSTRIES,,,,,,0.00%,
28117104,LKQ CORP,"14,097,000,000","3,908,000,000","1,183,000,000",27.72%,8.39%,36.11%,N/A
812556694,POLIURETANOS SW LEON SA DE CV,,,,,,0.00%,
21042387,ENGINE POWER COMPONENTS INC,,,,,,0.00%,
420719130,AEROSPACE HI-TECH HOLDING GROUP CO,,,,,,0.00%,
690544317,CENTRAL GLASS CO LTD,"142,627,000,000",,"8,855,000,000",,6.21%,6.21%,"Toyota, Honda, Nissan, Mazda"
176581627,MORGAN POLYMER SEALS LLC,,,,,,0.00%,
690566815,HONDA MOTOR CO LTD,"21,335,706,000,000","2,444,987,000,000","923,894,000,000",11.46%,4.33%,15.79%,Honda
4187530,MID-WEST FORGE CORP,,,,,,0.00%,
5032644,CORRY RUBBER CORP,,,,,,0.00%,
202960605,MATSU MANUFACTURING INC,,,,,,0.00%,
80668223,FUEL CELL SYSTEM MANUFACTURING LLC,,,,,,0.00%,
545371593,CHANGCHENG AUTOMOTIVE LIGHTING SYST,,,,,,0.00%,
118710956,SENSIENCE INC,,,,,,0.00%,
79159345,FILTRATION GROUP CORP,,,,,,0.00%,
79290019,PI ACQUISITION GROUP LLC,,,,,,0.00%,
690536867,MITSUBISHI MATERIALS CORP,"1,802,398,000,000",,"35,618,000,000",,1.98%,1.98%,"Toyota, Ford, Nissan, Volkswagen"
616432902,MARISA INDUSTRIES INC,,,,,,0.00%,
811816867,GRUPO RUVESA SA DE CV,,,,,,0.00%,
45717550,CLEVELAND HARDWARE & FORGING CO,,,,,,0.00%,
274121531,CONSTELLIUM SE,"7,969,000,000","343,000,000","333,000,000",4.30%,4.18%,8.48%,"BMW, Mercedes, Ford, Stellantis"
750514445,METT HOLDINGS PTY LTD,,,,,,0.00%,
601219876,AUTO AIR EXPORT INC,,,,,,0.00%,
114866739,ANDROID INDUSTRIES LLC,,,,,,0.00%,
812967438,GRUPO TEXTIL CORPORACION DE,,,,,,0.00%,
486786007,DATWYLER FUHRUNGS AG,,,,,,0.00%,
92690833,MULTICRAFT INTERNATIONAL LTD,,,,,,0.00%,
690564737,TOYOTA MOTOR CORP,"50,450,764,000,000","4,575,432,000,000","5,158,674,000,000",9.07%,10.23%,19.29%,Toyota
208781609,SHRADER CANADA LIMITED,,,,,,0.00%,
962491366,PTR GROUP LP,,,,,,0.00%,
149628575,TRANSGLOBAL INC,,,,,,0.00%,
80595509,SCORPION EQUITY LLC,,,,,,0.00%,
689277960,CUBIC KOREA INC,,,,,,0.00%,
669652554,CHEERPLAN (HK) LIMITED,,,,,,0.00%,
788082092,MERITOR INC,,,,,,0.00%,
441309581,GAIA HOLDING SRL,,,,,,0.00%,
81609067,WORK SKILLS CORP,,,,,,0.00%,
315544593,MAXINGVEST AG,,,,,,0.00%,
47380894,EMPIRE ELECTRONICS INC,,,,,,0.00%,
57015273,HAMLIN TOOL & MACHINE COMPANY INC,,,,,,0.00%,
17027202,EASTERN OIL CO INC,,,,,,0.00%,
92954296,METAL FLOW CORP,,,,,,0.00%,
481800639,LEM HOLDING SA,"298,632,000","65,868,000","13,813,000",22.06%,4.63%,26.68%,"Tesla, Volkswagen, Hyundai"
196701853,DONTECH SOLUTIONS LLC,,,,,,0.00%,
668108728,ACTIVE TOOLS INTERNATIONAL (HK) LTD,,,,,,0.00%,
92871110,WETHERILL ASSOCIATES INC,,,,,,0.00%,
330255956,EISSMANN AUTOMOTIVE DEUTSCHLAND GMB,,,,,,0.00%,
79184778,FOOSUNG LTD,,,,,,0.00%,
108406497,TOOLING & EQUIPMENT INTL CORP,,,,,,0.00%,
6425409,JAGEMANN STAMPING CO,,,,,,0.00%,
52052941,CLARK BROS INSTRUMENT CO,,,,,,0.00%,
250775681,SHERWOOD INNOVATIONS INC,,,,,,0.00%,
6409981,AUTO CAST INC,,,,,,0.00%,
150538122,JMK INTERNATIONAL INC,,,,,,0.00%,
58799644,WOLVERINE DIE CAST LP OF OHIO,,,,,,0.00%,
33371589,TECHNICAL SOURCING INC,,,,,,0.00%,
117378947,DRS INDUSTRIAL LLC,,,,,,0.00%,
38389743,LITEFLEX LLC,,,,,,0.00%,
61876611,ADVANCED SYSTEMS & FORMS INC,,,,,,0.00%,
6269633,EMERSON ELECTRIC CO,"18,187,000,000","5,121,000,000","3,385,000,000",28.16%,18.61%,46.77%,N/A
690664339,SAKAE RIKEN KOGYO CO LTD,,,,,,0.00%,
656000718,CHENG SHIN RUBBER INDUSTRIAL CO LTD,"92,600,105,000","9,669,895,000","7,943,063,000",10.44%,8.58%,19.02%,"General Motors, Ford, Toyota, Nissan"
1778406,QUICK-CABLE CORP,,,,,,0.00%,
6415160,CUMMINS INC,"33,670,000,000","3,125,000,000","4,292,000,000",9.28%,12.75%,22.03%,Stellantis
249518887,STAR PLASTICS INC,,,,,,0.00%,
690551346,TDK CORP,"2,298,668,000,000","506,232,000,000","268,195,000,000",22.02%,11.67%,33.69%,"Tesla, Toyota, Honda, General Motors, Volkswagen, BMW"
693206572,MARELLI HOLDINGS CO LTD,,,,,,0.00%,
6100630,MAYVILLE ENGINEERING CO INC,"533,523,000","48,310,000","24,749,000",9.05%,4.64%,13.69%,Volvo
965174415,ALL BENDING & TUBULAR PRODUCTS LLC,,,,,,0.00%,
690553706,MITSUBISHI GAS CHEMICAL CO INC,"747,139,000,000",,"7,475,000,000",,1.00%,1.00%,N/A
837501642,AGS TECHNOLOGY INC,,,,,,0.00%,
121629828,APHASE II INC,,,,,,0.00%,
5318720,DECKER MANUFACTURING CORP,,,,,,0.00%,
5254669,EXCELSIOR INC,,,,,,0.00%,
831376830,MVC HOLDINGS LLC,,,,,,0.00%,
55365902,STURDY CORP,,,,,,0.00%,
328523329,FISCHERWERKE GMBH & CO KG,,,,,,0.00%,
194725032,PRIME WHEEL CORP,,,,,,0.00%,
6263073,"KNAPHEIDE MANUFACTURING CO, THE",,,,,,0.00%,
1339472,HOWMET AEROSPACE INC,"8,252,000,000","385,000,000","1,991,000,000",4.67%,24.13%,28.79%,"Ford, General Motors"
350317766,DOMETIC GROUP AB (PUBL),"21,042,000,000","3,325,000,000","1,908,000,000",15.80%,9.07%,24.87%,"General Motors, Ford"
690571757,MINEBEA MITSUMI INC,"1,522,780,000,000","182,231,000,000","99,057,000,000",11.97%,6.51%,18.47%,"Toyota, Honda, Nissan, Ford, Tesla, BMW"
830519463,ONE ROCK CAPITAL PARTNERS LLC,,,,,,0.00%,
806760328,ALEGRE INC,,,,,,0.00%,
964631464,MAUMEE ASSEMBLY & STAMPING LLC,,,,,,0.00%,
14784388,CERBERUS CAPITAL MANAGEMENT LP,,,,,,0.00%,
824891477,HIG CAPITAL MANAGEMENT INC,,,,,,0.00%,
79759178,CARTER FUEL SYSTEMS LLC,,,,,,0.00%,
243105,TRW INC,,,,,,0.00%,
801693391,PLASTIC DIP MOLDINGS INC,,,,,,0.00%,
108609512,BATTENFELD MANAGEMENT INC,,,,,,0.00%,
654675222,XIAMEN HONGFA ELECTROACOUSTIC CO,,,,,,0.00%,"Tesla, Toyota, Volkswagen"
174411749,VINTECH INDUSTRIES INC,,,,,,0.00%,
256517632,QUALITY MODELS LTD,,,,,,0.00%,
614301497,COMETIC GASKET INC,,,,,,0.00%,
517808812,HEXAGON COMPOSITES ASA,"2,944,039,000",,"-1,034,631,000",,-35.14%,-35.14%,Toyota
8992976,O-FLEX GROUP INC,,,,,,0.00%,
133139436,RELIANCE MACHINE CO INC,,,,,,0.00%,
42290833,ATCO PRODUCTS INC,,,,,,0.00%,
112047126,JONESVILLE TOOL & MANUFACTURING LLC,,,,,,0.00%,
690549225,YOKOWO CO LTD,"84,750,000,000",,"4,528,000,000",,5.34%,5.34%,"Toyota, Honda, Nissan, Mazda"
117975648,PACE INDUSTRIES HOLDINGS INC,,,,,,0.00%,
44958759,LTC ROLL & ENGINEERING CO,,,,,,0.00%,
530633841,GUANGDONG HONGTU TECHNOLOGY HOLDING,"9,101,621,080","290,908,440","443,927,380",3.20%,4.88%,8.07%,Tesla
79178010,LUND MOTION PRODUCTS INC,,,,,,0.00%,
829588818,AULD TECHNOLOGIES LLC,,,,,,0.00%,
6088082,E R WAGNER MANFACTURING CO,,,,,,0.00%,
78669019,NSV INTERNATIONAL CORP,,,,,,0.00%,
806490660,METAL TECHNOLOGIES INC,,,,,,0.00%,
309831092,FI HOLDING GRINDSTED APS,,,,,,0.00%,
812827020,KALUZ SA DE CV,,,,,,0.00%,
815560831,BARING PRIVATE EQUITY ASIA FUND VII,,,,,,0.00%,
1503010,STEPHEN GOULD CORPORATION,,,,,,0.00%,
918030230,SUPRAJIT ENGINEERING LTD,"36,510,020,000",,"3,063,260,000",,8.39%,8.39%,BMW
689286784,DAEDONG SYSTEM,,,,,,0.00%,
6005821,CLARK ENGINEERING CO,,,,,,0.00%,
621310338,AUTOMOTIVE ACCENTS LLC,,,,,,0.00%,
408163806,BOSAL NEDERLAND BV,,,,,,0.00%,
808408285,CJ AUTOMOTIVE INDIANA LLC,,,,,,0.00%,
111934852,AMI INDUSTRIES INC,,,,,,0.00%,
874448921,HARMONY SYSTEMS & SERVICE INC,,,,,,0.00%,
253678189,CKDPACK INC,,,,,,0.00%,
64080724,CLEVELAND DIE & MFG CO,,,,,,0.00%,
690836226,ROKI HOLDINGS CO LTD,,,,,,0.00%,
46066957,"KERN, JG ENTERPRISES INC",,,,,,0.00%,
616720314,RCM INDUSTRIES INC,,,,,,0.00%,
6477301,DONALDSON COMPANY INC,"3,726,200,000","644,500,000","535,000,000",17.30%,14.36%,31.65%,"Ford, Volvo"
961658676,VISION LINK INTERNATIONAL LLC,,,,,,0.00%,
34117068,ARKAL AUTOMOTIVE USA INC,,,,,,0.00%,
692523038,EXCELL CORP,,,,,,0.00%,
690595079,HARADA INDUSTRY CO LTD,"41,972,022,000",,"2,110,586,000",,5.03%,5.03%,"Toyota, Nissan, General Motors, Ford, Honda"
1325463,MOTOROLA SOLUTIONS INC,,,,,,0.00%,N/A
78083417,ENGINEERED PRODUCTS CO INC,,,,,,0.00%,
790480847,TORIN INC,,,,,,0.00%,
690691134,NISSHINBO HOLDINGS INC,"502,339,000,000",,"27,896,000,000",,5.55%,5.55%,"Ford, General Motors, Toyota, Volkswagen"
836425744,ARISTO CAST INC,,,,,,0.00%,
5213038,ELGIN INDUSTRIES INC,,,,,,0.00%,
74330044,CONTINENTAL ENTERPRISES INC,,,,,,0.00%,
17043084,MACARTHUR CORP,,,,,,0.00%,
600357131,APPLY ADVANCED MOBILE TECHNOLOGIES,,,,,,0.00%,
784698250,MOLDED ACOUSTICAL PRODUCTS EASTON,,,,,,0.00%,
692415797,ALPHA CORP,,,,,,0.00%,
141817465,TEK CORPORATION,,,,,,0.00%,
28328409,SCAT ENTERPRISES INC,,,,,,0.00%,
4523205,NEFF-PERKINS CO,,,,,,0.00%,
54256904,AUTOTRONIC CONTROLS CORP,,,,,,0.00%,
5034947,ADRIAN STEEL CO,,,,,,0.00%,
210514501,SENIOR PLC,"986,600,000",,"55,000,000",,5.57%,5.57%,"Volkswagen, BMW"
690539184,HOSIDEN CORPORATION,,,,,,0.00%,"Toyota, Honda, Nissan"
195220637,AMERICAN TOOLING CENTER INC,,,,,,0.00%,
1729615,BLUE RIDGE PRESSURE CASTINGS INC,,,,,,0.00%,
797071086,ETX HOLDINGS INC,,,,,,0.00%,
243634375,MANOR TOOL & DIE LTD,,,,,,0.00%,
687943670,SAMJIN JEONGGONG CO LTD,,,,,,0.00%,
243634458,KRISTOFOAM INDUSTRIES INC,,,,,,0.00%,
5377767,DIRKSEN SCREW PRODUCTS CO,,,,,,0.00%,
650221609,SUPER AUTO FORGE PVT LTD,,,,,,0.00%,
815015565,TRANSPORTES LOGISTICA Y SERVICIOS,,,,,,0.00%,
690565601,"YOKOHAMA RUBBER CO LTD, THE","1,148,664,000,000","263,795,000,000","116,108,000,000",22.97%,10.11%,33.07%,"Toyota, Mazda, Mercedes"
874269483,ENGINEERED PLASTIC COMPONENTS INC,,,,,,0.00%,
91617175,ELKINS MACHINE & TOOL CO INC,,,,,,0.00%,
85463834,WARREN INDUSTRIES INC,,,,,,0.00%,
753089804,NEW CO INVESTMENTS PTY LTD,,,,,,0.00%,
691775891,WALBRO CO LTD,,,,,,0.00%,
70298245,GREEN INDUSTRIES INC,,,,,,0.00%,
409477366,AMG ADVANCED METALLURGICAL GRP NV,,,,,,0.00%,N/A
774656057,HEDIN GROUP AB,,,,,,0.00%,
5347927,GREENDALE SCREW PRODUCTS CO INC,,,,,,0.00%,
39401018,TCI AUTOMOTIVE LLC,,,,,,0.00%,
5343959,YANKEE SCREW PRODUCTS CO,,,,,,0.00%,
71159078,KPS CAPITAL PARTNERS LP,,,,,,0.00%,
5457247,CHICAGO POWDERED METAL PRODUCTS CO,,,,,,0.00%,
305981532,BITTEN OG MADS CLAUSENS FOND,,,,,,0.00%,
690677380,SANKO GOSEI LTD,"94,238,000,000",,"5,858,000,000",,6.22%,6.22%,"Toyota, Honda"
5320569,LDM LLC,,,,,,0.00%,
690565619,U-SHIN LTD,,,,,,0.00%,
557363905,NORTHERN CABLE & AUTOMATION LLC,,,,,,0.00%,
5267471,DEERE & CO,"44,665,000,000","4,241,000,000","9,427,000,000",9.50%,21.11%,30.60%,N/A
61750220,ROMEO RIM INC,,,,,,0.00%,
242129864,CORRECT MOLD INC,,,,,,0.00%,
88871124,AGAPE PLASTICS INC,,,,,,0.00%,
420810582,ZHEJIANG YINLUN MACHINERY CO LTD,,,,,,0.00%,"Tesla, Volkswagen, General Motors, Ford"
2249613,UTICA METAL PRODUCTS INC,,,,,,0.00%,
803642487,SOFTRIDE INC,,,,,,0.00%,
689223774,WOORY INDUSTRIAL HOLDINGS CO LTD,"14,554,287,910","451,253,440","1,232,608,410",3.10%,8.47%,11.57%,"Tesla, Kia, Hyundai"
76048361,PERMASAFE PROTECTIVE COATING LLC,,,,,,0.00%,
945479830,PRODUCT & TOOLING TECHNOLOGIES INC,,,,,,0.00%,
847944402,SEQUOIA TOOL INC,,,,,,0.00%,
253304554,ULTRA MANUFACTURING LTD,,,,,,0.00%,
690685193,MEIRA CORP,,,,,,0.00%,
622031748,MUELLER INDUSTRIES INC,"4,178,547,000","248,651,000","1,012,470,000",5.95%,24.23%,30.18%,N/A
6019988,FLEXFAB HORIZONS INTERNATIONAL INC,,,,,,0.00%,
666312939,ACTION PRODUCTS LTD,,,,,,0.00%,
927651802,SIGNATURE SIGNS INC,,,,,,0.00%,
55908586,WHITESELL CORP,,,,,,0.00%,
966468779,UNIFRAX I LLC,,,,,,0.00%,
74304262,MARSHALL ELECTRIC CORP,,,,,,0.00%,
372868427,BMT AEROSPACE INTERNATIONAL NV,,,,,,0.00%,
80223028,COMP CAMS,,,,,,0.00%,
53330494,ULTRAFORM INDUSTRIES INC,,,,,,0.00%,
39392118,ALPHA OMEGA RESEARCH & DEVELOPMENT,,,,,,0.00%,
248129017,SPECTRA PREMIUM INDUSTRIES INC,,,,,,0.00%,
826943193,SAFETYWEB PRODUCT SALES LLC,,,,,,0.00%,
2106599,CURTIS SCREW CO LLC,,,,,,0.00%,
877990747,WESTIN AUTOMOTIVE PRODUCTS INC,,,,,,0.00%,
204110337,ATLAS PARTNERS LP,,,,,,0.00%,
4545208,INDUSTRY PRODUCTS CO,,,,,,0.00%,
47187505,KIRMIN DIE & TOOL INC,,,,,,0.00%,
690555735,SUMITOMO CORP,7310791000000,"1,072,372,000,000","835,107,000,000",14.67%,11.42%,26.09%,Mazda
41611708,TETRA MOLD & TOOL INC,,,,,,0.00%,
4172284,ROBIN INDUSTRIES INC,,,,,,0.00%,
555025746,BRA INVEST CKS AB,,,,,,0.00%,
80267418,ITT INC,"3,938,500,000","597,100,000","699,600,000",15.16%,17.76%,32.92%,"Volkswagen, BMW, Mercedes, Stellantis"
690644729,DAIDO CORP,,,,,,0.00%,"Toyota, Honda, Volkswagen, Nissan, General Motors"
808620525,AUTONET MOBILE INC,,,,,,0.00%,
690663919,MARUYASU INDUSTRIES CO LTD,,,,,,0.00%,
688329122,AUSTEM CO LTD,,,,,,0.00%,
366698851,CONFLUENTIA HOLDING VAGYONKEZELO,,,,,,0.00%,
812289379,GRUPO EMPRESARIAL G SA DE CV,,,,,,0.00%,
623316726,ULTRALIFE CORP,"186,530,000","28,395,000","6,148,000",15.22%,3.30%,18.52%,N/A
82051459,MATRIX IV INC,,,,,,0.00%,
48224307,FASTCO INDUSTRIES INC,,,,,,0.00%,
150146855,COMMERCIAL VEHICLE GROUP INC,"657,532,000","70,568,000","-4,870,000",10.73%,-0.74%,9.99%,
805754918,SUPERIOR DESIGN & MANUFACTURING INC,,,,,,0.00%,
690550454,NOK CORPORATION,"732,590,000,000",,"53,615,000,000",,7.32%,7.32%,"Toyota, Nissan, Honda, Volkswagen, General Motors"
791067080,MONOMOY CAPITAL PARTNERS LP,,,,,,0.00%,
544633076,WANFENG AUTO HOLDING GROUP CO LTD,,,,,,0.00%,
49159957,ARROW ELECTRONICS INC,,,,,,0.00%,N/A
619453509,PRATT INDUSTRIES (USA) INC,,,,,,0.00%,
690537899,OMRON CORPORATION,"820,563,000,000","258,751,000,000","58,614,000,000",31.53%,7.14%,38.68%,"Toyota, Honda, Nissan"
6557045,FEDERAL MOGUL CORP,,,,,,0.00%,
6052690,LORENTSON MANUFACTURING CO INC,,,,,,0.00%,
969006951,AMERICAN INTEGRATED MANUFACTURING C,,,,,,0.00%,
690773668,SANOH INDUSTRIAL CO LTD,"156,966,000,000",,"6,071,000,000",,3.87%,3.87%,"Toyota, Nissan, Honda, Mazda"
39627823,AMERICAN MACHINING INC,,,,,,0.00%,
79714529,UCHIYAMA MANUFACTURING AMERICA LLC,,,,,,0.00%,
788501690,WELDON PUMP,,,,,,0.00%,
103649893,AMERICAN STITCHCO INC,,,,,,0.00%,
623825742,PERFECT PERFORMANCE PRODUCTS INC,,,,,,0.00%,
4467346,RUBBER ASSOCIATES INC,,,,,,0.00%,
313519884,FUBA AUTOMOTIVE ELECTRONICS GMBH,,,,,,0.00%,
201865151,TITAN TOOL & DIE LTD,,,,,,0.00%,
794693796,ULTRATECH TOOL & DESIGN INC,,,,,,0.00%,
544979545,JIAXING MINHUI AUTOMOTIVE PARTS CO,,,,,,0.00%,
81777898,"MORRISSEY, R L & ASSOCIATES INC",,,,,,0.00%,
4918686,PTM CORP,,,,,,0.00%,
23719161,ARC SUPPLY CHAIN SOLUTIONS,,,,,,0.00%,
79898886,NM Z PARENT INC,,,,,,0.00%,
40510927,MARKLAND INDUSTRIES INC,,,,,,0.00%,
784359114,SYSONIC ELECTRONICS INC,,,,,,0.00%,
6408025,STEPHENSON & LAWYER INC,,,,,,0.00%,
530620350,WENZHOU CHANGJIANG AUTOMOBILE,,,,,,0.00%,
20850145,STERLING OIL & CHEMICAL CO INC,,,,,,0.00%,
72781594,ELLIOTT TAPE INC,,,,,,0.00%,
104182139,RPS TECHNOLOGIES INC,,,,,,0.00%,
53992801,PRECISION COMPONENT MFG LLC,,,,,,0.00%,
801810110,DYNAMETAL TECHNOLOGIES INC,,,,,,0.00%,
5341896,CWA MANUFACTURING CO INC,,,,,,0.00%,
115168010,HUMPHREY COMPANIES LLC,,,,,,0.00%,
968056486,DIVERSIFIED ENGINEERING & PLASTICS,,,,,,0.00%,
160888371,WOHLERT CORP,,,,,,0.00%,
8256364,AVERY DENNISON CORP,"8,855,500,000","1,422,500,000","1,060,500,000",16.06%,11.98%,28.04%,"Tesla, BMW, Ford, General Motors"
79606051,FAST RADIUS INC,,,,,,0.00%,
623110595,NBJX USA INC,,,,,,0.00%,
620518076,MAG-TEC CASTING CORP,,,,,,0.00%,
208236844,COMMERCIAL SPRING & TOOL CO LTD,,,,,,0.00%,
57965022,MICHIGAN ROD PRODUCTS INC,,,,,,0.00%,
138847640,SIGMA INTERNATIONAL,,,,,,0.00%,
875072175,IML TRADE CO LTD,,,,,,0.00%,
622103989,ALD THERMAL TREATMENT INC,,,,,,0.00%,
690547401,KYB CORP,"455,666,000,000","64,430,000,000","37,343,000,000",14.14%,8.20%,22.33%,"Toyota, Honda, Nissan, Ford, Volkswagen, Subaru"
491647727,KAMERIG BV,,,,,,0.00%,
812351856,CRISTAL LAMINADO O,,,,,,0.00%,
99993602,JASCO PRODUCTS INC,,,,,,0.00%,
827001462,ZYGOT OPERATIONS LTD,,,,,,0.00%,
30626089,SHARPLINE CONVERTING INC,,,,,,0.00%,
207316191,SCOTT-DOUGLAS PLASTICS LTD,,,,,,0.00%,
80833149,OERLIKON AM US INC,,,,,,0.00%,
4166526,INDUSTRIAL NUT CORP,,,,,,0.00%,
5448469,SERVICE FILTRATION CORP,,,,,,0.00%,
5500475,DOUGLAS STAMPING CO,,,,,,0.00%,
714213373,TSUBAKI NAKASHIMA CO LTD,"69,837,000,000","11,014,000,000","-21,919,000,000",15.77%,-31.39%,-15.61%,"Toyota, Volkswagen, Ford, Tesla, Honda"
528188773,FUZHOU XICHENG ELECTRIC CO LTD,,,,,,0.00%,
58372822,FOSTORIA CORP,,,,,,0.00%,
5227590,MACON METAL PRODUCTS CO INC,,,,,,0.00%,
361519101,STEFFENS ENTERPRISES INC,,,,,,0.00%,
105812304,WYNNCHURCH CAPITAL LTD,,,,,,0.00%,
608466855,ADS US INC,,,,,,0.00%,
118254366,INSITE INDUSTRIES INC,,,,,,0.00%,
5345327,FEBLO INC,,,,,,0.00%,
353949050,HALDEX AB,,,,,,0.00%,
56488174,TWIST INC,,,,,,0.00%,
16431681,USA PRODUCTION PARTS INC,,,,,,0.00%,
811952704,AIR DESIGN SA DE CV,,,,,,0.00%,
243406126,CHISYN INTERNATIONAL INC,,,,,,0.00%,
690537048,FUJIKURA LTD,"1,090,830,000,000","22,015,000,000","171,264,000,000",2.02%,15.70%,17.72%,"Toyota, Honda, Nissan"
794114215,CASPERS ELECTRONICS INC,,,,,,0.00%,
57004871,ALGONAC CAST PRODUCTS INC,,,,,,0.00%,
552632739,ORHAN HOLDING AS,,,,,,0.00%,
6066567,IMH FABRICATION LLC,,,,,,0.00%,
249873993,KINGSVILLE STAMPING LTD,,,,,,0.00%,
5331145,WAYNE BOLT & NUT COMPANY INC,,,,,,0.00%,
6111751,REGAL REXNORD CORPORATION,"5,934,500,000",,"701,700,000",,11.82%,11.82%,"Tesla, Ford, General Motors"
941872798,WELDEX CORP,,,,,,0.00%,
966212115,ANDERSON EXPRESS INC,,,,,,0.00%,
690558622,KASAI KOGYO CO LTD,,,,,,0.00%,
241435593,LAKESIDE PLASTICS LTD,,,,,,0.00%,
90612792,TEK PRINTING SERVICES,,,,,,0.00%,
13469528,SPECTRUM CUBIC INC,,,,,,0.00%,
175591072,TRIMAS CORP,"1,013,740,000","161,910,000","76,410,000",15.97%,7.54%,23.51%,"General Motors, Ford, Stellantis"
316072276,ENSINGER HOLDING GMBH & CO KG,,,,,,0.00%,
5348396,PLASTOMER CORP,,,,,,0.00%,
7118318,HOPKINS MANUFACTURING CORP,,,,,,0.00%,
12064396,PYRAMID PEAK COATINGS LLC,,,,,,0.00%,
69502300,OMIOTEK COIL SPRING CO,,,,,,0.00%,
51506467,EUCLID INDUSTRIES INC,,,,,,0.00%,
690845367,YOROZU CORP,"171,235,000,000",,"-7,715,000,000",,-4.51%,-4.51%,"General Motors, Toyota, Honda, Volkswagen, Nissan"
324788942,POEPPELMANN HOLDING GMBH & CO KG,,,,,,0.00%,
103515128,"CHARLTON, CT & ASSOCIATES INC",,,,,,0.00%,
130226967,MIDWEST RUBBER CO,,,,,,0.00%,
98787120,"SPECIFIC CRUISE SYSTEMS, INC",,,,,,0.00%,
690874425,TOYODA IRON WORKS CO LTD,,,,,,0.00%,
3245271,DOVER CORPORATION,"8,092,571,000","1,844,808,000","1,484,024,000",22.80%,18.34%,41.13%,N/A
691245195,MURATA SPRING CO LTD,,,,,,0.00%,
832482488,IMS/CHINATOOL JV LLC,,,,,,0.00%,
5190699,O D M TOOL & MFG CO INC,,,,,,0.00%,
611612474,DAWSON MANUFACTURING CO INC,,,,,,0.00%,
946318545,FORMFAB LLC,,,,,,0.00%,
545279952,BETHEL AUTOMOTIVE SAFETY SYSTEMS CO,,,,,,0.00%,
656227907,SUMEEKO INDUSTRIES CO LTD,,,,,,0.00%,
81877326,COMMUNICATIONS TEST DESIGN INC,,,,,,0.00%,
650147218,INDICATION INSTRUMENTS LTD,,,,,,0.00%,
212398689,TT ELECTRONICS PLC,"485,700,000","137,400,000","-40,100,000",28.29%,-8.26%,20.03%,"BMW, Mercedes"
4221289,FOREST CITY TECHNOLOGIES INC,,,,,,0.00%,
800182511,YESAL INTERNATIONAL INC,,,,,,0.00%,
492931095,ACOUSTICS SOLUTIONS INTERNATIONAL,,,,,,0.00%,
5049333,PAX MACHINE WORKS INC,,,,,,0.00%,
859714045,SIMCO LTD,,,,,,0.00%,
690578760,NISHIKAWA RUBBER CO LTD,"116,772,000,000","3,866,000,000","9,233,000,000",3.31%,7.91%,11.22%,"Toyota, Honda, Nissan, Mazda"
244954335,PERFECT FIT MANUFACTURING LTD,,,,,,0.00%,
495124885,BRANO GROUP AS,,,,,,0.00%,
789165909,ADC DIECASTING LLC,,,,,,0.00%,
13488796,ATF INC,,,,,,0.00%,
6304877,SINCLAIR & RUSH INC,,,,,,0.00%,
491728232,THERE HOLDING BV,,,,,,0.00%,
452248172,AMORIM-INVESTIMENTOS E PARTICIPACOE,,,,,,0.00%,
252431150,NEOCON INTERNATIONAL INC,,,,,,0.00%,
690550785,FUJIKOKI CORP,,,,,,0.00%,
65574683,LOC PERFORMANCE PRODUCTS LLC,,,,,,0.00%,
957215957,ARENS CONTROLS CO LLC,,,,,,0.00%,
829212328,AIR TEMP NORTH AMERICA INC,,,,,,0.00%,
353944689,TRELLEBORG AB,"34,329,000,000","5,949,000,000","5,705,000,000",17.33%,16.62%,33.95%,"Stellantis, Volvo, Volkswagen"
794292297,COMPASS DIVERSIFIED HOLDINGS,"2,309,176,000","658,060,000","291,659,000",28.50%,12.63%,41.13%,N/A
116815091,M & E PLASTICS LLC,,,,,,0.00%,
47821780,"SMITH, TOM INDUSTRIES INC",,,,,,0.00%,
602513665,KEY FASTENERS CORP,,,,,,0.00%,
617796581,TRANSGLOBAL DESIGN & MFG LLC,,,,,,0.00%,
53959706,ACS INDUSTRIES INC,,,,,,0.00%,
6003644,TRUE INDUSTRIAL CORPORATION,,,,,,0.00%,
900466996,BORLEM S/A EMPREENDIMENTOS INDUSTRI,,,,,,0.00%,
40580714,ERIN INDUSTRIES INC,,,,,,0.00%,
54688551,"SU-DAN COMPANY, THE",,,,,,0.00%,
619308815,MCM IND CO INC,,,,,,0.00%,
82047887,D&M CUSTOM INJECTION MOLDINGS CORP,,,,,,0.00%,
218145332,BODYCOTE PLC,"727,100,000",,"45,600,000",,6.27%,6.27%,"BMW, Volkswagen"
5505342,"GIBBONS, J C MFG INC",,,,,,0.00%,
152353798,TEIJIN AUTOMOTIVE TECHNOLOGIES,,,,,,0.00%,
78855919,HASTINGS MANUFACTURING CO,,,,,,0.00%,
656156841,QUANTA COMPUTER INC,"1,902,364,932,000","22,612,956,000","94,382,594,000",1.19%,4.96%,6.15%,"Tesla, General Motors"
8308553,GROVER PRODUCTS CO INC,,,,,,0.00%,
103511036,HIGHEST HONOR INC,,,,,,0.00%,
147079123,NISHIKAWA COOPER LLC,,,,,,0.00%,
687819359,CTR CO LTD,,,,,,0.00%,"Hyundai, Kia, General Motors, Tesla, Ford"
5105713,UNITY MANUFACTURING CO,,,,,,0.00%,
157536822,KYOWA AMERICA CORP,,,,,,0.00%,
9255423,GM NAMEPLATE INC,,,,,,0.00%,
690557053,TOYO TIRE CORPORATION,"594,923,000,000",,"90,247,000,000",,15.17%,15.17%,"Toyota, Mazda, Audi, Ford"
78628925,VERITAS CAPITAL FUND MGMT LLC,,,,,,0.00%,
4087110,MTD TECHNOLOGIES INC,,,,,,0.00%,
76375005,ROBERTSON & STEWART INC,,,,,,0.00%,
201800711,ST CLAIR TECHNOLOGIES INC,,,,,,0.00%,
3983269,LAUREN INTERNATIONAL INC,,,,,,0.00%,
690817309,SHINSEI HARNESS INC,,,,,,0.00%,
940189053,POLYSI TECHNOLOGIES INC,,,,,,0.00%,
116958523,DSB TECHNOLOGIES LLC,,,,,,0.00%,
1344746,FORD MOTOR CO,"187,267,000,000","10,849,000,000","-10,497,000,000",5.79%,-5.61%,0.19%,Ford
829409015,PROPER GROUP INTERNATIONAL INC,,,,,,0.00%,
5337084,PALMER ENGINEERING INC,,,,,,0.00%,
48877062,STEWART MANUFACTURING LLC,,,,,,0.00%,
5071329,CHICAGO RIVET & MACHINE CO INC,,,,,,0.00%,
152768438,BERKLEY INDUSTRIES INC,,,,,,0.00%,
690536404,PACIFIC INDUSTRIAL CO LTD,"206,129,000,000",,"17,553,000,000",,8.52%,8.52%,"General Motors, Toyota, Honda, Nissan, Ford"
601214299,NORTH COAST HOLDINGS INC,,,,,,0.00%,
5085832,INTERNATIONAL SPRING CO,,,,,,0.00%,
58392499,PLASTECH EXTERIOR SYSTEMS INC,,,,,,0.00%,
55682280,SPECIALTY ENGINE COMPONENTS LLC,,,,,,0.00%,
5384144,MMI ENGINEERED SOLUTIONS INC,,,,,,0.00%,
700560816,KYOWA INDUSTRIAL CO LTD,,,,,,0.00%,
5370960,EXPERI-METAL INC,,,,,,0.00%,
148578636,HORACIO O FERREA NORTH AMERICA DIV,,,,,,0.00%,
97802482,NORTHLAND TOOL & DIE INC,,,,,,0.00%,
1759349,ROGALA WORLD ENTERPRISES INC,,,,,,0.00%,
30378194,JUDCO MANUFACTURING INC,,,,,,0.00%,
809573868,CHECK TECHNOLOGY SOLUTIONS,,,,,,0.00%,
186400065,TELAMON CORP,,,,,,0.00%,
6012330,PRIDGEON & CLAY INC,,,,,,0.00%,
690539838,NACHI FUJIKOSHI CORP,"235,903,000,000","8,363,000,000","9,184,000,000",3.55%,3.89%,7.44%,
48080378,"ZATKOFF, ROGER CO",,,,,,0.00%,
78315912,POP & LOCK LLC,,,,,,0.00%,
845082861,AVIENT CORPORATION,3260200000,812100000,210300000,24.91%,6.45%,31.36%,General Motors
51053866,ACCURATE PRODUCTS INC,,,,,,0.00%,
101561314,"WONBOY, RONALD A & ASSOCIATES",,,,,,0.00%,
650739683,MAINI PRECISION PRODUCTS PVT LTD,,,,,,0.00%,
117433469,VONTIER CORP,3075600000,-639400000,561600000,-20.79%,18.26%,-2.53%,N/A
44575066,PRECISION MANUFACTURING CO INC,,,,,,0.00%,
855449484,VELCRO INDUSTRIES NV,,,,,,0.00%,
965856748,CABLECRAFT MOTION CONTROLS LLC,,,,,,0.00%,
372963780,PAVA HOLDING,,,,,,0.00%,
692326465,DI-NIKKO ENGINEERING CO,,,,,,0.00%,
832037621,ROL-TECH INC,,,,,,0.00%,
605188515,DEXTER FASTENER TECHNOLOGIES INC,,,,,,0.00%,
340806372,NADER HOLDING GMBH & CO KG,,,,,,0.00%,
244215893,ABC TECHNOLOGIES INC,,,,,,0.00%,
961940608,PARADIGM ACQUISITION CO LLC,,,,,,0.00%,
68583749,KELCO INDUSTRIES INC,,,,,,0.00%,
618567572,TRANSCEDAR INDUSTRIES LTD,,,,,,0.00%,
6095012,WROUGHT WASHER MFG INC,,,,,,0.00%,
5226477,SCHAFER INDUSTRIES INC,,,,,,0.00%,
807031658,VENCHURS GLOBAL LLC,,,,,,0.00%,
72777121,KRIEWALL ENTERPRISES INC,,,,,,0.00%,
2217511,TRAYER PRODUCTS INC,,,,,,0.00%,
4213526,FEDERAL HOSE MFG INC,,,,,,0.00%,
82765652,OILES AMERICA CORP,,,,,,0.00%,
78719138,ZWZ BEARING USA INC,,,,,,0.00%,
929516334,APL CORP,,,,,,0.00%,
71910814,IWATA BOLT USA INC,,,,,,0.00%,
5130026,DUDEK & BOCK SPRING MFG CO,,,,,,0.00%,
74297458,HOOSIER MOLDED PRODUCTS INC,,,,,,0.00%,
316067164,SIEMENS AKTIENGESELLSCHAFT,78914000000,14827000000,12470000000,18.79%,15.80%,34.59%,General Motors
79649985,LINEAR MOLD,,,,,,0.00%,
168992159,GLOVIS ALABAMA LLC,,,,,,0.00%,
38782983,A N L SPRING MANUFACTURING INC,,,,,,0.00%,
926780289,INTERNATIONAL SALES ORGANIZATION,,,,,,0.00%,
190550744,SEALANT SYSTEMS INTERNATIONAL INC,,,,,,0.00%,
87394255,ANTAYA TECHNOLOGIES CORP,,,,,,0.00%,
47597195,PENNANT COMPANIES,,,,,,0.00%,
434535597,RJ SRL,,,,,,0.00%,
197501773,CENTRACORE LLC,,,,,,0.00%,
623617750,MIDLAND MOLDING INC,,,,,,0.00%,
244280335,FIA INC,,,,,,0.00%,
802313213,TOTAL QUALITY INSTRUMENTATION,,,,,,0.00%,
151345543,UNIVERSAL METAL PRODUCTS INC,,,,,,0.00%,
248726127,639448 ONTARIO LTD,,,,,,0.00%,
1050327,NYE LUBRICANTS INC,,,,,,0.00%,
830220203,PRECISION TOOL DIE & MACHINE CO INC,,,,,,0.00%,
690538541,SUMITOMO RIKO COMPANY LTD,,,,,,0.00%,"Honda, Nissan, General Motors, BMW, Mercedes, Mazda, Volkswagen, Toyota"
348527511,DONCASTERS GROUP LTD,,,,,,0.00%,
275262145,PEUGEOT SA,,,,,,0.00%,
79445063,MICHIANA GLOBAL MOLD INC,,,,,,0.00%,
148237829,CADENCE INC,,,,,,0.00%,
7001357,OMICO INC,,,,,,0.00%,
47555057,TRAVERSE CITY PRODUCTS INC,,,,,,0.00%,
650072036,CARBURETTORS LIMITED,,,,,,0.00%,
5045000,EATON HYDRAULICS LLC,,,,,,0.00%,
828356712,JMS ENGINEERED PLASTICS INC,,,,,,0.00%,
5035936,WINZELER STAMPING CO,,,,,,0.00%,
612926675,WESTINGHOUSE AIR BRAKE TECHNOLOGIES,11167000000,-1490000000,1793000000,-13.34%,16.06%,2.71%,N/A
41110750,BRIGHTON N C MACHINE CORP,,,,,,0.00%,
115306797,IMPEX INTERNATIONAL INC,,,,,,0.00%,
787840396,AUTOMATIC DIE CASTING S P C,,,,,,0.00%,
690666524,JST MFG CO LTD,,,,,,0.00%,
154179675,SCHAIN MOLD & ENGINEERING INC,,,,,,0.00%,
31776565,BAILEY MFG CO LLC,,,,,,0.00%,
23544670,ALLY EQUIPMENT LLC,,,,,,0.00%,
81218117,G B MANUFACTURING CO,,,,,,0.00%,
811809326,INDUSTRIAS FRONTERIZAS HI SA DE CV,,,,,,0.00%,
9479078,KN PLATECH AMERICA CORPORATION,,,,,,0.00%,
813001476,COMPANIA DE PLANEAMIENTO,,,,,,0.00%,
201503042,ANDERSEN DYNAMICS LTD,,,,,,0.00%,
48310924,COMPONENT PLASTICS INC,,,,,,0.00%,
131757580,LDB PLASTICS INC,,,,,,0.00%,
80948684,OMRON GEODIS,,,,,,0.00%,
612938464,FLORIDA CUSTOM MOLD INC,,,,,,0.00%,
400070970,OTTO INVESTMENTS HOLDING SPF SA,,,,,,0.00%,
812624516,OPEN TECHNOLOGY TRADING SA DE CV,,,,,,0.00%,
37588522,ARK TECHNOLOGIES INC,,,,,,0.00%,
69077154,CRAWFORD PRODUCTS INC,,,,,,0.00%,
8262214,UMPCO INC,,,,,,0.00%,
21112537,DLSM INC,,,,,,0.00%,
195166624,OLD WORLD INDUSTRIES LLC,,,,,,0.00%,
816153191,TRANSFORMACION TECNOLOGICA DE,,,,,,0.00%,
2011859,GAGE PIN SOURCE INC,,,,,,0.00%,
839320918,JMR HOLDINGS INC,,,,,,0.00%,
275136398,SCHNEIDER ELECTRIC SE,39316000000,-7425000000,6766000000,-18.89%,17.21%,-1.68%,N/A
421277914,WUXI GISSING AUTO PARTS CO LTD,,,,,,0.00%,
54688395,US WIRE ROPE TECHNOLOGY INC,,,,,,0.00%,
5430392,WOODLAND ENGINEERING CO,,,,,,0.00%,
4185476,AMPEX METAL PRODUCTS CO (INC),,,,,,0.00%,
255428443,POST MERIDIEN PLASTICS LTD,,,,,,0.00%,
482445947,EMESTA HOLDING AG,,,,,,0.00%,
4158895,JACO MANUFACTURING CO,,,,,,0.00%,
6008650,LU PAUL INDUSTRIES INC,,,,,,0.00%,
1747393,DAUBERT INDUSTRIES INC,,,,,,0.00%,
17532458,TAC MATERIALS INC,,,,,,0.00%,
9027970,PRECISION CASTPARTS CORP,,,,,,0.00%,
1207877,FULFORD MANUFACTURING CO INC,,,,,,0.00%,
1078682,HITCHINER MANUFACTURING CO INC,,,,,,0.00%,
965781300,EXCELITAS TECHNOLOGIES HOLDINGS LLC,,,,,,0.00%,
5376249,TWEDDLE GROUP INC,,,,,,0.00%,
6092860,JOHNSON CONTROLS INC,23967000000,5586000000,2471000000,23.31%,10.31%,33.62%,N/A
1176692,NORWALK POWDERED METALS INC,,,,,,0.00%,
878631886,WILSON-GARNER CO INC,,,,,,0.00%,
68836121,CAPARO VEHICLE COMPONENTS INC,,,,,,0.00%,
5373741,DETROIT NAME PLATE ETCHING INC,,,,,,0.00%,
144308152,CALDWELL INDUSTRIES INC,,,,,,0.00%,
315389411,HUGO BENZING GMBH & CO KG,,,,,,0.00%,
877431916,ACUSHNET RUBBER CO INC,,,,,,0.00%,
16879751,GENERAL FASTENERS COMPANY,,,,,,0.00%,
5397245,PROGRESSIVE METAL MANUFACTURING CO,,,,,,0.00%,
832504059,REVSTONE INDUSTRIES LLC,,,,,,0.00%,
5372180,FOURSLIDES INC,,,,,,0.00%,
614867880,GRAND RAPIDS PLASTICS INC,,,,,,0.00%,
5341326,FOX MANUFACTURING CO,,,,,,0.00%,
5341557,MANTER TECHNOLOGIES CORP,,,,,,0.00%,
946955648,INDIANA AUTOMOTIVE FASTENERS INC,,,,,,0.00%,
198357456,DYNAMERICA MANUFACTURING LLC,,,,,,0.00%,
181699364,HI-TECH FASTENERS INC,,,,,,0.00%,
7925670,CAPITAL SOUTHWEST CORP,214050000,,,,,0.00%,N/A
867903577,MOLDTECH INC,,,,,,0.00%,
57007189,WRIGHT TOOL CO,,,,,,0.00%,
4552576,TADD SPRING COMPANY INC,,,,,,0.00%,
5050505,HINKLE MANUFACTURING INC,,,,,,0.00%,
80198742,FORTIVE CORPORATION,4159100000,1661700000,722700000,39.95%,17.38%,57.33%,N/A
211984430,3I GROUP PLC,6500000000,,,,,0.00%,"Volkswagen, BMW"
49949951,ADVANCED AUTO TRENDS INC,,,,,,0.00%,
78643461,WICO METAL PRODUCTS,,,,,,0.00%,
939905746,NORGREN INC,,,,,,0.00%,
813128741,AZ COMPONENTS S DE RL DE CV,,,,,,0.00%,
243655388,N G K SPARK PLUGS CANADA LTD,,,,,,0.00%,
248016214,CANADA RUBBER GROUP INC,,,,,,0.00%,
690594270,GMB CORP,102821200000,,2051070000,,1.99%,1.99%,"Toyota, Mazda, Nissan, Subaru, Honda, Kia, Hyundai"
606634517,WARREN SCREW WORKS INC,,,,,,0.00%,
897251070,ACOPLAST INDUSTRIA E COMERCIO LTDA,,,,,,0.00%,
249856949,MERIT PRECISION MOULDING LTD,,,,,,0.00%,
5540328,HEARTLAND INDUSTRIAL PARTNERS LP,,,,,,0.00%,
962491416,SRS INDUSTRIES LLC,,,,,,0.00%,
111324732,COLONIAL DIVERSIFIED POLYMER PRODUC,,,,,,0.00%,
1456714,SYNTEX RUBBER CORP,,,,,,0.00%,
824887400,OLD REMCO HOLDINGS LLC,,,,,,0.00%,
39515387,DEKKO GLOBAL ENTERPRISE LLC,,,,,,0.00%,
812428688,ZAPATA ESTAMPADOS DE,,,,,,0.00%,
248436800,CLAIRVEST GROUP INC,,,,,,0.00%,
5122635,ADA METAL PRODUCTS INC,,,,,,0.00%,
5340138,DEXTER STAMPING CO LLC,,,,,,0.00%,
30067367,HPM INDUSTRIES INC,,,,,,0.00%,
197329089,HINES CORP,,,,,,0.00%,
61888111,BASIC RUBBER & PLASTIC CO INC,,,,,,0.00%,
55667471,LANG FASTENER CORP,,,,,,0.00%,
41869751,NATIONAL MOLDING LLC,,,,,,0.00%,
124219382,MJ CELCO INC,,,,,,0.00%,
201727252,"PAULIN, H & CO LTD",,,,,,0.00%,
37284890,SPECIALTY LUBRICANTS CORP,,,,,,0.00%,
57009821,XWI INC,,,,,,0.00%,
54683420,VOGEL INDUSTRIES INC,,,,,,0.00%,
1163104,PREYCO MFG CO INC,,,,,,0.00%,
82219122,ALCO PLASTICS INC,,,,,,0.00%,
88866496,ATCOFLEX INC,,,,,,0.00%,
6571616,ULTRA-MATIC PRODUCTS INDUSTRY INC,,,,,,0.00%,
69344257,ENGINEERED FASTENER CO LLC,,,,,,0.00%,
6383483,UNISEAL INC,,,,,,0.00%,
241383926,MET-CAN SUPPLY CO LIMITED,,,,,,0.00%,
1148659,"FARIA, THOMAS G CORP",,,,,,0.00%,
4161279,FREEWAY CORP,,,,,,0.00%,
6403471,GRANT INDUSTRIES INC,,,,,,0.00%,
6138010,"WORTH CO, THE",,,,,,0.00%,
119269827,MPG,,,,,,0.00%,
6020002,KENT MANUFACTURING CO,,,,,,0.00%,
1329226,HK METALCRAFT MANUFACTURING CORP,,,,,,0.00%,
808267947,NOVAGARD SOLUTIONS HOLDING INC,,,,,,0.00%,
827814513,GLOBAL COMPONENT SOURCING LTD,,,,,,0.00%,
67868653,VOGELSANG CORPORATION,,,,,,0.00%,
5398748,BRIGHTON TOOL & DIE INC,,,,,,0.00%,
20850061,NORTHERN INDUSTRIAL PRODUCTS CORP,,,,,,0.00%,
788787711,THOMSON AUTOMOTIVE INC,,,,,,0.00%,
879343341,CONNOR CORP,,,,,,0.00%,
17452384,WATSON ENGINEERING INC,,,,,,0.00%,
26609383,MENON GROUP,,,,,,0.00%,
51837839,MASTER MANUFACTURING CO INC,,,,,,0.00%,
76336072,MOLDED PLASTIC INDUSTRIES INC,,,,,,0.00%,
79656283,GLOBAL BATTERY SOLUTIONS LLC,,,,,,0.00%,
93048122,CSM MANUFACTURING CORP,,,,,,0.00%,
93166080,"BOLER CO, THE",,,,,,0.00%,
146070680,SPERRY & RICE MANUFACTURING CO LLC,,,,,,0.00%,
208772293,PAVACO PLASTICS INC,,,,,,0.00%,
243644858,C&L TUBE INC,,,,,,0.00%,
403394372,KENDRION NV,260000000,-99800000,15000000,-38.38%,5.77%,-32.62%,N/A
687817981,VALEO PYEONG HWA CO LTD,,,,,,0.00%,
690596846,ENKEI CORP,,,,,,0.00%,
804582484,REPRO PARTS INC,,,,,,0.00%,
965549681,SAKTHI AUTOMOTIVE GROUP USA INC,,,,,,0.00%,
,TOTAL:,,,,,,0.00%,